user_id,城市,性别,年龄段,会员等级,总播放次数,歌曲多样性,总播放时长,平均播放时长,跳过率,重复率,收藏率,偏好平台,偏好来源,活跃时段,偏好流派
20230701001,北京,女,18-22,白银会员,17,8,2937,172.8,0.0,0.3529,0.1765,手机端（iOS）,好友推荐,21,流行
20230701002,深圳,女,18-22,普通会员,15,8,2439,162.6,0.0,0.2667,0.1333,手机端（Android）,系统推送,8,流行
20230701003,广州,男,26-30,普通会员,6,5,999,166.5,0.0,0.1667,0.1667,手机端（Android）,系统推送,7,流行
20230701004,深圳,男,18-22,普通会员,11,6,2122,192.9,0.0,0.2727,0.0909,手机端（Android）,系统推送,22,流行
20230701005,杭州,男,23-25,普通会员,18,11,3272,181.8,0.0,0.2222,0.1111,手机端（iOS）,系统推送,8,流行
20230701006,上海,女,26-30,普通会员,17,7,2667,156.9,0.0,0.2941,0.1765,手机端（iOS）,主动搜索,14,摇滚
20230701007,南京,男,30+,普通会员,14,9,2345,167.5,0.0,0.2857,0.1429,手机端（iOS）,好友推荐,8,流行
20230701008,杭州,女,18-22,普通会员,12,8,2182,181.8,0.0,0.5833,0.1667,手机端（iOS）,系统推送,20,电子
20230701009,西安,女,30+,普通会员,17,9,2904,170.8,0.0,0.5294,0.1765,手机端（Android）,主动搜索,13,流行
20230701010,深圳,男,18-22,普通会员,22,9,4114,187.0,0.0,0.4545,0.0909,手机端（iOS）,好友推荐,20,流行
20230701011,上海,未知,23-25,普通会员,17,9,2717,159.8,0.0,0.5294,0.1176,手机端（Android）,主动搜索,8,电子
20230701012,杭州,女,18-22,普通会员,20,11,2953,147.6,0.0,0.45,0.05,手机端（Android）,歌单播放,8,流行
20230701013,成都,男,18-22,普通会员,16,7,2824,176.5,0.0,0.3125,0.375,手机端（iOS）,好友推荐,20,流行
20230701014,西安,女,23-25,普通会员,18,9,2815,156.4,0.0,0.2778,0.3333,手机端（Android）,主动搜索,20,流行
20230701015,杭州,男,18-22,普通会员,11,8,2020,183.6,0.0,0.0909,0.1818,手机端（iOS）,系统推送,9,流行
20230701016,广州,女,30+,普通会员,18,8,2951,163.9,0.0,0.5556,0.0556,手机端（iOS）,好友推荐,20,流行
20230701017,上海,男,23-25,普通会员,13,9,2261,173.9,0.0,0.5385,0.0769,手机端（iOS）,好友推荐,7,流行
20230701018,南京,女,23-25,普通会员,14,10,2596,185.4,0.0,0.1429,0.1429,手机端（Android）,系统推送,7,流行
20230701019,广州,男,18-22,普通会员,11,9,1869,169.9,0.0,0.2727,0.0,手机端（Android）,好友推荐,7,流行
20230701020,武汉,女,30+,普通会员,22,8,4219,191.8,0.0,0.3636,0.2273,手机端（iOS）,主动搜索,20,流行
20230701021,广州,男,18-22,普通会员,11,5,1978,179.8,0.0,0.2727,0.2727,手机端（Android）,主动搜索,8,流行
20230701022,上海,女,26-30,普通会员,8,6,1412,176.5,0.0,0.625,0.25,手机端（Android）,系统推送,8,说唱
20230701023,杭州,男,23-25,普通会员,16,8,2715,169.7,0.0,0.25,0.125,手机端（Android）,系统推送,7,电子
20230701024,杭州,女,18-22,普通会员,18,10,3502,194.6,0.0,0.5556,0.1667,手机端（Android）,系统推送,12,流行
20230701025,上海,女,18-22,普通会员,16,8,2720,170.0,0.0,0.375,0.125,手机端（iOS）,好友推荐,7,流行
20230701026,成都,女,18-22,普通会员,19,8,3178,167.3,0.0,0.2632,0.3158,手机端（Android）,系统推送,9,流行
20230701027,南京,未知,18-22,普通会员,16,10,3065,191.6,0.0,0.375,0.1875,手机端（iOS）,主动搜索,9,流行
20230701028,南京,女,26-30,普通会员,9,6,1654,183.8,0.0,0.6667,0.2222,手机端（Android）,系统推送,13,流行
20230701029,广州,女,30+,普通会员,15,7,2684,178.9,0.0,0.4,0.2667,手机端（Android）,歌单播放,7,流行
20230701030,武汉,男,23-25,普通会员,15,9,2491,166.1,0.0,0.6,0.1333,手机端（Android）,主动搜索,8,流行
20230701031,重庆,女,18-22,普通会员,11,8,1721,156.5,0.0,0.5455,0.2727,手机端（iOS）,系统推送,20,流行
20230701032,西安,男,23-25,普通会员,17,10,2928,172.2,0.0,0.2941,0.0588,手机端（Android）,系统推送,7,流行
20230701033,广州,女,26-30,普通会员,18,9,3075,170.8,0.0,0.4444,0.1667,手机端（iOS）,好友推荐,8,摇滚
20230701034,成都,未知,18-22,普通会员,15,8,2553,170.2,0.0,0.2667,0.1333,手机端（iOS）,歌单播放,8,流行
20230701035,重庆,男,23-25,普通会员,12,6,1616,134.7,0.0,0.0833,0.25,手机端（iOS）,系统推送,7,流行
20230701036,北京,女,18-22,普通会员,10,8,1651,165.1,0.0,0.2,0.0,手机端（Android）,好友推荐,7,流行
20230701037,成都,男,18-22,普通会员,15,9,2538,169.2,0.0,0.5333,0.2,手机端（Android）,好友推荐,7,流行
20230701038,成都,女,18-22,普通会员,16,6,2896,181.0,0.0,0.3125,0.0625,手机端（iOS）,系统推送,20,流行
20230701039,深圳,女,18-22,普通会员,19,10,3339,175.7,0.0,0.4211,0.1579,手机端（iOS）,主动搜索,7,电子
20230701040,杭州,男,18-22,普通会员,17,9,2772,163.1,0.0,0.2941,0.0,手机端（iOS）,好友推荐,22,流行
20230701041,深圳,男,23-25,普通会员,17,9,3209,188.8,0.0,0.1765,0.1765,手机端（iOS）,歌单播放,20,流行
20230701042,广州,男,18-22,普通会员,9,5,1420,157.8,0.0,0.3333,0.2222,手机端（Android）,好友推荐,20,流行
20230701043,重庆,女,23-25,普通会员,13,8,2214,170.3,0.0,0.5385,0.1538,手机端（iOS）,好友推荐,20,流行
20230701044,西安,男,18-22,普通会员,24,11,4386,182.8,0.0,0.2083,0.2083,手机端（Android）,系统推送,7,流行
20230701045,深圳,女,18-22,普通会员,18,8,3042,169.0,0.0,0.3333,0.2222,手机端（Android）,主动搜索,12,流行
20230701046,南京,男,18-22,普通会员,11,7,1834,166.7,0.0,0.3636,0.0909,手机端（iOS）,歌单播放,7,流行
20230701047,成都,男,18-22,普通会员,15,10,2687,179.1,0.0,0.2667,0.2,手机端（iOS）,系统推送,8,流行
20230701048,重庆,女,23-25,普通会员,14,8,2514,179.6,0.0,0.2857,0.2857,手机端（iOS）,主动搜索,14,流行
20230701049,西安,男,18-22,普通会员,17,10,2922,171.9,0.0,0.2941,0.2353,手机端（Android）,主动搜索,20,流行
20230701050,南京,男,23-25,普通会员,12,7,2228,185.7,0.0,0.4167,0.25,手机端（iOS）,系统推送,7,流行
20230701051,上海,女,18-22,白银会员,21,10,3647,173.7,0.0,0.1905,0.2381,手机端（iOS）,系统推送,12,流行
20230701052,深圳,女,18-22,普通会员,18,8,2755,153.1,0.0,0.3889,0.0,手机端（Android）,系统推送,20,电子
20230701053,成都,女,18-22,普通会员,21,11,3815,181.7,0.0,0.4286,0.2381,手机端（iOS）,好友推荐,20,流行
20230701054,上海,男,30+,普通会员,15,9,2256,150.4,0.0,0.6667,0.0667,手机端（iOS）,好友推荐,9,流行
20230701055,广州,男,18-22,普通会员,14,7,2522,180.1,0.0,0.3571,0.2143,手机端（iOS）,好友推荐,21,流行
20230701056,重庆,女,18-22,普通会员,14,10,2168,154.9,0.0,0.3571,0.2143,手机端（Android）,系统推送,8,流行
20230701057,杭州,女,26-30,黄金会员,10,6,1781,178.1,0.0,0.4,0.1,手机端（iOS）,好友推荐,8,流行
20230701058,上海,女,18-22,钻石会员,13,7,2344,180.3,0.0,0.3077,0.3077,手机端（Android）,系统推送,20,流行
20230701059,广州,男,23-25,钻石会员,21,9,3691,175.8,0.0,0.1905,0.2381,手机端（iOS）,系统推送,8,流行
20230701060,成都,男,18-22,普通会员,9,7,1309,145.4,0.0,0.2222,0.3333,手机端（iOS）,主动搜索,7,流行
20230701061,北京,女,30+,普通会员,14,6,2294,163.9,0.0,0.3571,0.0714,手机端（iOS）,系统推送,7,流行
20230701062,西安,男,18-22,普通会员,18,9,3132,174.0,0.0,0.2778,0.1111,手机端（iOS）,系统推送,14,流行
20230701063,广州,女,18-22,普通会员,13,9,2005,154.2,0.0,0.3846,0.0769,手机端（iOS）,系统推送,20,流行
20230701064,重庆,男,23-25,普通会员,14,9,2373,169.5,0.0,0.2857,0.2857,手机端（iOS）,系统推送,20,说唱
20230701065,杭州,女,26-30,普通会员,13,7,2174,167.2,0.0,0.3846,0.1538,手机端（iOS）,主动搜索,7,流行
20230701066,南京,男,23-25,普通会员,9,8,1256,139.6,0.0,0.1111,0.1111,手机端（Android）,系统推送,12,流行
20230701067,北京,男,23-25,普通会员,6,3,983,163.8,0.0,0.3333,0.0,手机端（Android）,主动搜索,12,摇滚
20230701068,武汉,女,18-22,普通会员,15,8,2893,192.9,0.0,0.2667,0.1333,手机端（Android）,好友推荐,9,说唱
20230701069,西安,男,26-30,普通会员,22,10,3538,160.8,0.0,0.3182,0.2273,手机端（iOS）,系统推送,20,流行
20230701070,深圳,女,18-22,普通会员,13,9,1976,152.0,0.0,0.2308,0.1538,手机端（Android）,好友推荐,7,摇滚
20230701071,武汉,男,18-22,普通会员,17,9,2811,165.4,0.0,0.2353,0.1765,手机端（iOS）,系统推送,20,电子
20230701072,广州,未知,30+,普通会员,13,10,2209,169.9,0.0,0.6923,0.0769,手机端（iOS）,好友推荐,8,流行
20230701073,成都,男,18-22,普通会员,16,8,2737,171.1,0.0,0.375,0.375,手机端（iOS）,系统推送,20,流行
20230701074,西安,男,18-22,普通会员,12,7,2218,184.8,0.0,0.3333,0.1667,手机端（Android）,好友推荐,8,流行
20230701075,武汉,女,18-22,普通会员,16,9,2976,186.0,0.0,0.4375,0.25,手机端（iOS）,主动搜索,7,流行
20230701076,重庆,女,18-22,普通会员,16,7,2560,160.0,0.0,0.5,0.25,手机端（iOS）,好友推荐,7,流行
20230701077,广州,女,18-22,普通会员,11,8,1973,179.4,0.0,0.3636,0.1818,手机端（Android）,好友推荐,7,流行
20230701078,重庆,男,18-22,普通会员,16,9,2515,157.2,0.0,0.25,0.25,手机端（iOS）,好友推荐,20,说唱
20230701079,上海,未知,18-22,普通会员,18,8,2861,158.9,0.0,0.5,0.0556,手机端（iOS）,系统推送,20,流行
20230701080,武汉,女,18-22,普通会员,16,9,2693,168.3,0.0,0.4375,0.125,手机端（iOS）,系统推送,8,摇滚
20230701081,成都,女,23-25,普通会员,14,10,1968,140.6,0.0,0.6429,0.1429,手机端（iOS）,好友推荐,8,流行
20230701082,北京,女,18-22,普通会员,14,9,2258,161.3,0.0,0.4286,0.0,手机端（iOS）,系统推送,7,流行
20230701083,武汉,男,18-22,普通会员,17,10,2833,166.6,0.0,0.4706,0.1176,手机端（iOS）,好友推荐,20,流行
20230701084,深圳,女,18-22,普通会员,23,9,3719,161.7,0.0,0.3478,0.2609,手机端（iOS）,主动搜索,13,流行
20230701085,西安,未知,18-22,普通会员,12,7,1730,144.2,0.0,0.3333,0.3333,手机端（iOS）,好友推荐,8,流行
20230701086,成都,女,30+,普通会员,15,9,2614,174.3,0.0,0.4667,0.2,手机端（Android）,主动搜索,7,流行
20230701087,南京,女,18-22,普通会员,19,9,2984,157.1,0.0,0.4737,0.1053,手机端（Android）,好友推荐,8,电子
20230701088,西安,未知,23-25,普通会员,12,9,2211,184.2,0.0,0.1667,0.25,手机端（Android）,好友推荐,9,流行
20230701089,杭州,女,18-22,普通会员,21,9,3441,163.9,0.0,0.4286,0.1429,手机端（Android）,主动搜索,20,流行
20230701090,北京,男,26-30,普通会员,20,9,3546,177.3,0.0,0.35,0.1,手机端（Android）,系统推送,7,摇滚
20230701091,西安,男,30+,普通会员,8,6,1167,145.9,0.0,0.375,0.25,手机端（Android）,系统推送,8,流行
20230701092,武汉,女,23-25,普通会员,19,9,3590,188.9,0.0,0.4211,0.2105,手机端（iOS）,系统推送,7,电子
20230701093,重庆,女,30+,黄金会员,19,10,2838,149.4,0.0,0.2632,0.2105,手机端（iOS）,系统推送,9,流行
20230701094,杭州,女,18-22,普通会员,9,5,1431,159.0,0.0,0.4444,0.2222,手机端（Android）,主动搜索,2,说唱
20230701095,杭州,女,18-22,普通会员,14,8,2054,146.7,0.0,0.5,0.3571,手机端（iOS）,系统推送,7,电子
20230701096,西安,男,23-25,白银会员,18,9,3131,173.9,0.0,0.4444,0.2778,手机端（Android）,好友推荐,8,流行
20230701097,上海,女,18-22,白银会员,16,8,2657,166.1,0.0,0.25,0.25,PC端,系统推送,20,说唱
20230701098,武汉,女,23-25,普通会员,12,7,2351,195.9,0.0,0.25,0.0833,手机端（iOS）,主动搜索,8,流行
20230701099,上海,男,23-25,普通会员,7,6,1218,174.0,0.0,0.4286,0.0,手机端（iOS）,系统推送,9,流行
20230701100,南京,男,18-22,普通会员,15,10,2374,158.3,0.0,0.3333,0.5333,手机端（iOS）,好友推荐,7,流行
20230701101,北京,男,18-22,普通会员,14,7,2424,173.1,0.0,0.2143,0.3571,手机端（iOS）,系统推送,8,流行
20230701102,深圳,男,23-25,普通会员,5,4,693,138.6,0.0,0.0,0.2,手机端（Android）,好友推荐,12,流行
20230701103,西安,男,30+,普通会员,18,9,3161,175.6,0.0,0.5,0.1111,手机端（iOS）,系统推送,7,流行
20230701104,北京,男,23-25,普通会员,18,8,3011,167.3,0.0,0.2778,0.1667,手机端（Android）,系统推送,20,说唱
20230701105,上海,女,30+,普通会员,14,6,2320,165.7,0.0,0.2857,0.2857,手机端（Android）,好友推荐,7,说唱
20230701106,杭州,女,18-22,普通会员,16,8,2672,167.0,0.0,0.3125,0.125,手机端（iOS）,系统推送,12,流行
20230701107,广州,男,18-22,普通会员,25,10,4229,169.2,0.0,0.44,0.28,手机端（Android）,系统推送,8,流行
20230701108,武汉,女,18-22,普通会员,17,9,2727,160.4,0.0,0.3529,0.0588,手机端（iOS）,主动搜索,7,流行
20230701109,上海,男,26-30,普通会员,21,10,3588,170.9,0.0,0.2857,0.1905,手机端（Android）,系统推送,20,电子
20230701110,成都,男,26-30,普通会员,18,8,2885,160.3,0.0,0.5556,0.2778,手机端（Android）,好友推荐,14,摇滚
20230701111,深圳,女,23-25,黄金会员,25,10,4413,176.5,0.0,0.32,0.24,手机端（iOS）,好友推荐,12,流行
20230701112,上海,女,18-22,黄金会员,16,9,3045,190.3,0.0,0.5625,0.125,手机端（iOS）,主动搜索,13,流行
20230701113,广州,男,18-22,普通会员,15,7,2650,176.7,0.0,0.3333,0.2,手机端（Android）,系统推送,20,流行
20230701114,武汉,男,23-25,普通会员,11,6,1745,158.6,0.0,0.4545,0.0909,手机端（Android）,系统推送,12,电子
20230701115,深圳,女,23-25,白银会员,16,10,2583,161.4,0.0,0.4375,0.125,手机端（iOS）,系统推送,13,流行
20230701116,杭州,未知,18-22,白银会员,17,10,2949,173.5,0.0,0.4118,0.1765,手机端（Android）,系统推送,8,电子
20230701117,深圳,未知,18-22,普通会员,17,9,3302,194.2,0.0,0.2941,0.2941,手机端（Android）,主动搜索,8,流行
20230701118,北京,男,30+,白银会员,15,9,2462,164.1,0.0,0.6,0.2,手机端（Android）,主动搜索,8,流行
20230701119,杭州,女,26-30,普通会员,13,7,2594,199.5,0.0,0.4615,0.2308,手机端（Android）,好友推荐,21,流行
20230701120,北京,女,18-22,普通会员,18,9,3019,167.7,0.0,0.5556,0.2222,手机端（iOS）,系统推送,7,流行
20230701121,西安,女,18-22,普通会员,14,8,2333,166.6,0.0,0.2143,0.2143,手机端（Android）,主动搜索,7,摇滚
20230701122,重庆,女,18-22,白银会员,19,9,3442,181.2,0.0,0.3158,0.1053,手机端（iOS）,系统推送,9,流行
20230701123,北京,男,18-22,普通会员,11,7,2120,192.7,0.0,0.1818,0.2727,手机端（iOS）,主动搜索,20,流行
20230701124,重庆,女,18-22,普通会员,21,8,3201,152.4,0.0,0.4286,0.1905,手机端（iOS）,系统推送,9,流行
20230701125,成都,女,18-22,普通会员,18,10,2915,161.9,0.0,0.2778,0.1111,手机端（iOS）,系统推送,22,流行
20230701126,西安,女,23-25,普通会员,8,7,1470,183.8,0.0,0.25,0.25,手机端（iOS）,好友推荐,21,电子
20230701127,西安,男,18-22,普通会员,16,8,2686,167.9,0.0,0.1875,0.25,手机端（iOS）,系统推送,20,流行
20230701128,西安,男,18-22,普通会员,12,8,1950,162.5,0.0,0.25,0.25,手机端（Android）,系统推送,8,流行
20230701129,上海,男,18-22,普通会员,20,10,3335,166.8,0.0,0.5,0.25,手机端（iOS）,系统推送,14,流行
20230701130,武汉,男,18-22,普通会员,19,9,2741,144.3,0.0,0.3684,0.2105,手机端（iOS）,主动搜索,7,流行
20230701131,南京,男,23-25,普通会员,16,10,2350,146.9,0.0,0.375,0.25,手机端（Android）,系统推送,9,流行
20230701132,杭州,女,23-25,普通会员,17,8,2711,159.5,0.0,0.4118,0.2353,手机端（Android）,主动搜索,12,流行
20230701133,杭州,男,18-22,普通会员,10,6,1668,166.8,0.0,0.2,0.0,手机端（Android）,好友推荐,7,摇滚
20230701134,成都,女,23-25,普通会员,20,11,3046,152.3,0.0,0.3,0.15,手机端（Android）,好友推荐,22,流行
20230701135,杭州,男,18-22,普通会员,10,5,1598,159.8,0.0,0.4,0.1,手机端（Android）,系统推送,8,电子
20230701136,武汉,女,18-22,钻石会员,20,8,3506,175.3,0.0,0.35,0.15,手机端（iOS）,系统推送,20,电子
20230701137,南京,男,18-22,普通会员,18,7,2835,157.5,0.0,0.2222,0.0556,手机端（Android）,主动搜索,8,流行
20230701138,西安,男,18-22,普通会员,19,11,3338,175.7,0.0,0.3684,0.2105,手机端（Android）,好友推荐,12,流行
20230701139,广州,女,18-22,普通会员,27,11,4487,166.2,0.0,0.3333,0.2222,手机端（Android）,系统推送,20,流行
20230701140,杭州,女,26-30,普通会员,9,4,1783,198.1,0.0,0.2222,0.2222,手机端（iOS）,主动搜索,12,说唱
20230701141,重庆,男,18-22,普通会员,20,10,3222,161.1,0.0,0.2,0.15,手机端（Android）,好友推荐,7,流行
20230701142,南京,女,30+,普通会员,17,10,2586,152.1,0.0,0.3529,0.2941,手机端（Android）,系统推送,14,电子
20230701143,北京,男,18-22,白银会员,17,9,2462,144.8,0.0,0.4118,0.2353,手机端（iOS）,系统推送,20,流行
20230701144,杭州,女,30+,普通会员,17,9,2811,165.4,0.0,0.2941,0.1765,手机端（iOS）,系统推送,8,流行
20230701145,广州,男,23-25,普通会员,16,10,2723,170.2,0.0,0.25,0.1875,手机端（iOS）,系统推送,7,流行
20230701146,广州,女,18-22,普通会员,15,8,2300,153.3,0.0,0.2667,0.0,手机端（Android）,系统推送,12,摇滚
20230701147,上海,男,30+,普通会员,16,8,2654,165.9,0.0,0.25,0.1875,手机端（Android）,好友推荐,8,摇滚
20230701148,武汉,男,18-22,黄金会员,15,10,2609,173.9,0.0,0.3333,0.0667,手机端（Android）,主动搜索,8,流行
20230701149,南京,男,18-22,普通会员,14,8,2561,182.9,0.0,0.2857,0.1429,手机端（iOS）,主动搜索,7,流行
20230701150,上海,男,18-22,普通会员,16,9,2891,180.7,0.0,0.4375,0.25,手机端（Android）,好友推荐,7,流行
20230701151,杭州,女,30+,白银会员,12,6,1941,161.8,0.0,0.5,0.25,手机端（iOS）,系统推送,21,说唱
20230701152,武汉,女,23-25,白银会员,14,10,2408,172.0,0.0,0.2143,0.0714,手机端（Android）,系统推送,20,流行
20230701153,北京,女,23-25,普通会员,20,9,3251,162.6,0.0,0.45,0.05,手机端（iOS）,主动搜索,7,流行
20230701154,深圳,女,18-22,普通会员,10,6,1751,175.1,0.0,0.3,0.4,手机端（iOS）,主动搜索,7,流行
20230701155,北京,未知,23-25,普通会员,17,10,3105,182.6,0.0,0.2353,0.2941,手机端（Android）,系统推送,9,流行
20230701156,重庆,男,26-30,普通会员,17,10,2879,169.4,0.0,0.2941,0.2941,手机端（iOS）,系统推送,20,流行
20230701157,南京,未知,23-25,白银会员,14,9,2491,177.9,0.0,0.3571,0.2143,手机端（Android）,系统推送,8,流行
20230701158,南京,女,18-22,普通会员,16,7,2718,169.9,0.0,0.25,0.125,手机端（iOS）,系统推送,7,流行
20230701159,重庆,女,18-22,普通会员,18,10,2943,163.5,0.0,0.3889,0.0556,手机端（iOS）,好友推荐,9,摇滚
20230701160,重庆,男,18-22,白银会员,16,8,2892,180.8,0.0,0.5,0.125,手机端（Android）,好友推荐,8,说唱
20230701161,武汉,男,30+,普通会员,16,9,2590,161.9,0.0,0.3125,0.0,PC端,系统推送,21,摇滚
20230701162,武汉,女,18-22,普通会员,17,7,2688,158.1,0.0,0.3529,0.2353,手机端（Android）,主动搜索,20,流行
20230701163,武汉,女,18-22,普通会员,14,8,1862,133.0,0.0,0.4286,0.0714,PC端,系统推送,20,流行
20230701164,上海,女,23-25,普通会员,17,9,2756,162.1,0.0,0.4706,0.2353,手机端（iOS）,主动搜索,7,流行
20230701165,西安,女,18-22,白银会员,8,6,1383,172.9,0.0,0.375,0.25,手机端（Android）,好友推荐,7,流行
20230701166,北京,未知,18-22,普通会员,18,10,2760,153.3,0.0,0.4444,0.0556,手机端（Android）,系统推送,13,流行
20230701167,杭州,女,26-30,白银会员,17,8,3116,183.3,0.0,0.6471,0.0,手机端（iOS）,系统推送,7,说唱
20230701168,成都,女,18-22,普通会员,16,9,2787,174.2,0.0,0.375,0.0625,手机端（Android）,系统推送,20,流行
20230701169,成都,男,26-30,普通会员,18,9,3258,181.0,0.0,0.4444,0.1111,手机端（iOS）,系统推送,8,流行
20230701170,武汉,男,23-25,普通会员,9,5,1359,151.0,0.0,0.4444,0.0,手机端（Android）,歌单播放,20,流行
20230701171,上海,男,18-22,钻石会员,14,9,2472,176.6,0.0,0.5714,0.1429,手机端（iOS）,主动搜索,8,流行
20230701172,南京,女,18-22,普通会员,22,10,3704,168.4,0.0,0.3182,0.1364,手机端（Android）,系统推送,7,摇滚
20230701173,上海,女,18-22,普通会员,14,7,2222,158.7,0.0,0.2143,0.0714,手机端（iOS）,系统推送,7,说唱
20230701174,重庆,男,18-22,普通会员,15,7,2525,168.3,0.0,0.4667,0.3333,手机端（Android）,系统推送,12,流行
20230701175,深圳,男,26-30,白银会员,16,9,2783,173.9,0.0,0.4375,0.1875,手机端（iOS）,好友推荐,13,流行
20230701176,上海,男,23-25,普通会员,9,6,1428,158.7,0.0,0.2222,0.3333,手机端（Android）,主动搜索,12,电子
20230701177,广州,男,18-22,普通会员,14,8,2137,152.6,0.0,0.2857,0.3571,手机端（Android）,系统推送,7,流行
20230701178,上海,女,23-25,普通会员,16,8,2758,172.4,0.0,0.3125,0.0,手机端（Android）,系统推送,20,流行
20230701179,深圳,女,23-25,普通会员,25,11,4160,166.4,0.0,0.32,0.12,手机端（Android）,系统推送,20,流行
20230701180,西安,女,18-22,普通会员,18,9,3210,178.3,0.0,0.3333,0.1667,手机端（Android）,系统推送,20,流行
20230701181,南京,男,18-22,普通会员,11,7,1618,147.1,0.0,0.4545,0.0,手机端（Android）,系统推送,7,流行
20230701182,武汉,未知,23-25,普通会员,13,8,1865,143.5,0.0,0.3077,0.1538,手机端（Android）,系统推送,20,说唱
20230701183,成都,男,18-22,普通会员,22,11,3629,165.0,0.0,0.2273,0.2273,手机端（Android）,好友推荐,8,流行
20230701184,上海,男,30+,普通会员,23,10,3866,168.1,0.0,0.3913,0.087,手机端（iOS）,系统推送,21,流行
20230701185,广州,男,18-22,普通会员,15,8,2619,174.6,0.0,0.4,0.1333,手机端（iOS）,主动搜索,8,说唱
20230701186,北京,男,26-30,普通会员,12,5,1938,161.5,0.0,0.4167,0.25,手机端（Android）,系统推送,8,电子
20230701187,成都,男,18-22,普通会员,12,7,2233,186.1,0.0,0.4167,0.0833,手机端（iOS）,系统推送,12,电子
20230701188,上海,女,23-25,普通会员,18,9,2817,156.5,0.0,0.2222,0.0556,手机端（Android）,系统推送,13,流行
20230701189,深圳,女,26-30,普通会员,18,9,3228,179.3,0.0,0.2222,0.4444,手机端（iOS）,主动搜索,7,流行
20230701190,深圳,女,18-22,普通会员,10,7,1874,187.4,0.0,0.4,0.1,手机端（iOS）,系统推送,8,流行
20230701191,重庆,男,18-22,普通会员,10,8,1453,145.3,0.0,0.6,0.2,手机端（Android）,系统推送,20,流行
20230701192,重庆,女,23-25,普通会员,11,7,1623,147.5,0.0,0.1818,0.1818,手机端（Android）,主动搜索,20,流行
20230701193,成都,女,23-25,白银会员,11,6,1714,155.8,0.0,0.5455,0.1818,手机端（Android）,主动搜索,7,流行
20230701194,北京,女,18-22,普通会员,20,9,3259,163.0,0.0,0.15,0.15,手机端（iOS）,好友推荐,9,流行
20230701195,上海,女,18-22,普通会员,13,9,2125,163.5,0.0,0.3846,0.1538,手机端（iOS）,系统推送,22,流行
20230701196,深圳,女,18-22,普通会员,14,8,2225,158.9,0.0,0.6429,0.1429,手机端（Android）,系统推送,22,流行
20230701197,武汉,女,23-25,白银会员,17,10,3028,178.1,0.0,0.2941,0.0588,手机端（Android）,系统推送,7,摇滚
20230701198,广州,男,18-22,黄金会员,16,10,2684,167.8,0.0,0.375,0.1875,手机端（iOS）,系统推送,9,流行
20230701199,重庆,男,30+,普通会员,14,9,2393,170.9,0.0,0.4286,0.1429,手机端（iOS）,系统推送,7,流行
20230701200,武汉,女,23-25,普通会员,19,11,3374,177.6,0.0,0.3684,0.1579,手机端（Android）,系统推送,20,流行
20230701201,成都,女,18-22,黄金会员,22,9,3696,168.0,0.0,0.3636,0.3182,手机端（Android）,系统推送,20,流行
20230701202,重庆,男,18-22,白银会员,17,10,2887,169.8,0.0,0.2941,0.3529,手机端（iOS）,系统推送,7,流行
20230701203,重庆,男,26-30,普通会员,15,7,2455,163.7,0.0,0.3333,0.0667,手机端（Android）,歌单播放,13,说唱
20230701204,西安,女,30+,普通会员,18,8,3327,184.8,0.0,0.4444,0.1111,手机端（iOS）,主动搜索,7,流行
20230701205,南京,女,18-22,普通会员,23,11,3799,165.2,0.0,0.2609,0.087,手机端（iOS）,好友推荐,20,流行
20230701206,杭州,男,23-25,普通会员,17,9,2750,161.8,0.0,0.2353,0.3529,手机端（iOS）,好友推荐,8,流行
20230701207,重庆,未知,18-22,普通会员,10,8,1520,152.0,0.0,0.4,0.2,手机端（Android）,系统推送,9,流行
20230701208,深圳,女,26-30,普通会员,17,11,2842,167.2,0.0,0.2941,0.2353,手机端（iOS）,主动搜索,9,流行
20230701209,深圳,女,23-25,普通会员,14,7,1969,140.6,0.0,0.5,0.0714,手机端（Android）,主动搜索,7,流行
20230701210,深圳,男,18-22,普通会员,17,9,2850,167.6,0.0,0.2353,0.1765,手机端（iOS）,系统推送,20,流行
20230701211,深圳,男,18-22,普通会员,16,7,2743,171.4,0.0,0.5,0.25,手机端（Android）,系统推送,20,流行
20230701212,武汉,男,18-22,普通会员,19,9,3271,172.2,0.0,0.2632,0.2105,手机端（Android）,好友推荐,12,摇滚
20230701213,上海,未知,23-25,普通会员,21,9,3348,159.4,0.0,0.4762,0.1905,手机端（iOS）,系统推送,7,流行
20230701214,北京,未知,18-22,普通会员,11,8,2004,182.2,0.0,0.3636,0.4545,手机端（iOS）,主动搜索,20,电子
20230701215,北京,男,18-22,普通会员,13,8,2503,192.5,0.0,0.0769,0.1538,手机端（Android）,系统推送,22,摇滚
20230701216,武汉,女,26-30,普通会员,20,10,3257,162.8,0.0,0.4,0.2,手机端（iOS）,系统推送,21,流行
20230701217,重庆,女,23-25,普通会员,12,8,2126,177.2,0.0,0.25,0.0833,手机端（iOS）,系统推送,7,流行
20230701218,广州,男,18-22,普通会员,15,7,2286,152.4,0.0,0.2,0.2667,手机端（Android）,系统推送,20,流行
20230701219,南京,女,30+,普通会员,15,8,2396,159.7,0.0,0.2667,0.2,手机端（iOS）,主动搜索,20,流行
20230701220,广州,女,18-22,普通会员,16,8,2587,161.7,0.0,0.25,0.125,手机端（Android）,系统推送,7,说唱
20230701221,广州,女,18-22,普通会员,11,7,1580,143.6,0.0,0.1818,0.0909,手机端（iOS）,系统推送,8,流行
20230701222,成都,女,18-22,白银会员,18,9,3080,171.1,0.0,0.2778,0.2222,手机端（Android）,主动搜索,20,流行
20230701223,上海,男,18-22,普通会员,13,8,2085,160.4,0.0,0.4615,0.2308,手机端（Android）,好友推荐,7,流行
20230701224,武汉,男,26-30,普通会员,12,8,1974,164.5,0.0,0.4167,0.0833,手机端（iOS）,系统推送,7,流行
20230701225,重庆,女,23-25,普通会员,25,10,3959,158.4,0.0,0.48,0.08,手机端（iOS）,好友推荐,7,流行
20230701226,西安,女,18-22,普通会员,11,6,1739,158.1,0.0,0.2727,0.0,手机端（iOS）,好友推荐,20,流行
20230701227,成都,女,26-30,普通会员,13,7,1827,140.5,0.0,0.3077,0.0769,手机端（iOS）,系统推送,20,流行
20230701228,杭州,女,26-30,普通会员,23,10,4041,175.7,0.0,0.4783,0.087,手机端（iOS）,主动搜索,20,流行
20230701229,北京,男,18-22,普通会员,19,8,3356,176.6,0.0,0.3684,0.1053,手机端（iOS）,主动搜索,20,流行
20230701230,南京,男,23-25,普通会员,11,6,1957,177.9,0.0,0.3636,0.2727,手机端（Android）,好友推荐,7,摇滚
20230701231,深圳,女,26-30,普通会员,19,9,3435,180.8,0.0,0.5789,0.2105,手机端（Android）,主动搜索,7,流行
20230701232,杭州,男,23-25,普通会员,16,7,2727,170.4,0.0,0.375,0.0625,手机端（iOS）,系统推送,8,电子
20230701233,深圳,男,18-22,普通会员,14,8,2273,162.4,0.0,0.5714,0.2143,手机端（Android）,系统推送,20,摇滚
20230701234,北京,男,23-25,白银会员,17,8,2484,146.1,0.0,0.2941,0.1176,手机端（Android）,系统推送,20,流行
20230701235,成都,女,18-22,普通会员,22,11,3396,154.4,0.0,0.2727,0.2727,手机端（iOS）,系统推送,7,流行
20230701236,成都,男,23-25,黄金会员,18,9,2905,161.4,0.0,0.3333,0.1667,手机端（Android）,好友推荐,7,流行
20230701237,北京,男,18-22,普通会员,14,10,2262,161.6,0.0,0.3571,0.0714,手机端（Android）,好友推荐,12,流行
20230701238,成都,男,18-22,钻石会员,18,11,3163,175.7,0.0,0.2778,0.0556,手机端（iOS）,主动搜索,9,流行
20230701239,上海,未知,18-22,普通会员,17,9,3227,189.8,0.0,0.2353,0.1765,手机端（iOS）,主动搜索,20,流行
20230701240,广州,女,18-22,普通会员,17,9,2929,172.3,0.0,0.2353,0.2941,手机端（Android）,好友推荐,14,流行
20230701241,广州,女,23-25,普通会员,28,10,4810,171.8,0.0,0.3214,0.1429,手机端（iOS）,系统推送,20,流行
20230701242,成都,男,23-25,普通会员,17,9,2564,150.8,0.0,0.4706,0.2941,手机端（Android）,系统推送,20,流行
20230701243,广州,男,18-22,普通会员,22,10,3946,179.4,0.0,0.5455,0.1364,手机端（iOS）,主动搜索,21,流行
20230701244,南京,男,18-22,普通会员,11,7,1992,181.1,0.0,0.5455,0.0,手机端（Android）,系统推送,7,流行
20230701245,深圳,男,18-22,普通会员,11,9,1780,161.8,0.0,0.4545,0.0909,手机端（Android）,系统推送,20,流行
20230701246,成都,女,23-25,普通会员,13,6,2189,168.4,0.0,0.0769,0.0769,手机端（iOS）,系统推送,8,摇滚
20230701247,成都,未知,18-22,普通会员,15,10,2604,173.6,0.0,0.3333,0.0,手机端（Android）,主动搜索,20,流行
20230701248,成都,男,18-22,白银会员,10,6,1466,146.6,0.0,0.3,0.4,手机端（Android）,主动搜索,12,电子
20230701249,成都,未知,26-30,普通会员,8,6,1306,163.2,0.0,0.25,0.125,手机端（iOS）,系统推送,22,电子
20230701250,广州,未知,18-22,普通会员,9,6,1421,157.9,0.0,0.4444,0.1111,手机端（iOS）,好友推荐,7,流行
20230701251,深圳,男,26-30,普通会员,9,6,1592,176.9,0.0,0.3333,0.3333,手机端（iOS）,系统推送,8,电子
20230701252,重庆,男,18-22,普通会员,15,8,2657,177.1,0.0,0.5333,0.2667,手机端（Android）,主动搜索,13,流行
20230701253,西安,女,26-30,普通会员,15,7,2595,173.0,0.0,0.4,0.0667,手机端（iOS）,系统推送,20,摇滚
20230701254,上海,男,23-25,普通会员,20,10,3027,151.4,0.0,0.45,0.15,手机端（Android）,系统推送,7,流行
20230701255,深圳,女,18-22,普通会员,9,8,1562,173.6,0.0,0.2222,0.0,手机端（iOS）,系统推送,13,流行
20230701256,深圳,男,30+,普通会员,15,9,2539,169.3,0.0,0.4,0.1333,手机端（iOS）,好友推荐,8,说唱
20230701257,武汉,女,18-22,普通会员,19,9,3434,180.7,0.0,0.6316,0.3158,手机端（Android）,主动搜索,7,流行
20230701258,南京,男,18-22,黄金会员,14,9,2100,150.0,0.0,0.4286,0.1429,手机端（Android）,系统推送,20,流行
20230701259,成都,女,23-25,普通会员,16,9,2643,165.2,0.0,0.375,0.1875,手机端（Android）,系统推送,20,流行
20230701260,北京,女,18-22,普通会员,23,10,3810,165.7,0.0,0.3478,0.087,手机端（Android）,系统推送,20,流行
20230701261,北京,男,23-25,普通会员,19,8,3174,167.1,0.0,0.1579,0.1579,手机端（iOS）,系统推送,20,流行
20230701262,武汉,女,18-22,普通会员,12,7,1921,160.1,0.0,0.5833,0.0833,手机端（iOS）,主动搜索,20,说唱
20230701263,西安,男,26-30,普通会员,10,6,1932,193.2,0.0,0.5,0.0,手机端（iOS）,主动搜索,8,流行
20230701264,重庆,男,18-22,普通会员,20,8,3002,150.1,0.0,0.4,0.2,手机端（Android）,系统推送,20,流行
20230701265,成都,女,18-22,钻石会员,19,10,3194,168.1,0.0,0.2105,0.1053,手机端（iOS）,系统推送,20,说唱
20230701266,重庆,女,23-25,白银会员,15,8,2759,183.9,0.0,0.2667,0.2,手机端（Android）,好友推荐,12,流行
20230701267,深圳,男,30+,普通会员,14,8,2268,162.0,0.0,0.5,0.0714,手机端（iOS）,好友推荐,7,摇滚
20230701268,武汉,男,23-25,普通会员,16,9,2855,178.4,0.0,0.5,0.125,手机端（iOS）,好友推荐,13,流行
20230701269,南京,男,23-25,普通会员,16,8,2424,151.5,0.0,0.375,0.25,手机端（Android）,主动搜索,20,电子
20230701270,成都,女,23-25,普通会员,13,9,2300,176.9,0.0,0.1538,0.0769,手机端（iOS）,好友推荐,8,摇滚
20230701271,北京,女,18-22,普通会员,15,8,2252,150.1,0.0,0.2667,0.2667,手机端（Android）,好友推荐,13,流行
20230701272,武汉,男,18-22,白银会员,14,9,2257,161.2,0.0,0.3571,0.2143,手机端（iOS）,系统推送,7,流行
20230701273,深圳,女,18-22,黄金会员,9,5,1279,142.1,0.0,0.2222,0.3333,手机端（iOS）,好友推荐,8,电子
20230701274,杭州,女,30+,普通会员,18,10,3154,175.2,0.0,0.2778,0.0556,手机端（iOS）,主动搜索,7,流行
20230701275,杭州,女,23-25,普通会员,15,8,2737,182.5,0.0,0.2,0.1333,手机端（iOS）,好友推荐,21,流行
20230701276,武汉,男,18-22,普通会员,14,9,2364,168.9,0.0,0.2857,0.2143,手机端（Android）,好友推荐,7,流行
20230701277,西安,女,23-25,普通会员,14,7,2533,180.9,0.0,0.6429,0.2857,手机端（iOS）,主动搜索,20,流行
20230701278,成都,女,18-22,普通会员,17,9,2548,149.9,0.0,0.2941,0.1176,手机端（iOS）,好友推荐,20,流行
20230701279,成都,男,26-30,白银会员,23,10,3811,165.7,0.0,0.3043,0.087,手机端（iOS）,系统推送,7,流行
20230701280,成都,男,23-25,普通会员,13,8,2266,174.3,0.0,0.5385,0.0769,手机端（iOS）,主动搜索,8,电子
20230701281,重庆,女,18-22,普通会员,14,8,2219,158.5,0.0,0.5714,0.0714,手机端（Android）,好友推荐,20,流行
20230701282,杭州,男,26-30,白银会员,14,10,2091,149.4,0.0,0.2143,0.1429,手机端（Android）,主动搜索,8,流行
20230701283,武汉,未知,18-22,普通会员,17,10,2989,175.8,0.0,0.4118,0.2941,手机端（Android）,系统推送,7,流行
20230701284,杭州,男,18-22,普通会员,12,8,2221,185.1,0.0,0.3333,0.0833,手机端（iOS）,好友推荐,7,流行
20230701285,成都,男,18-22,普通会员,23,9,3812,165.7,0.0,0.3913,0.1739,手机端（Android）,系统推送,7,流行
20230701286,上海,女,18-22,普通会员,19,10,2984,157.1,0.0,0.3684,0.0526,手机端（Android）,主动搜索,8,流行
20230701287,成都,女,18-22,白银会员,18,9,2625,145.8,0.0,0.2778,0.2778,手机端（iOS）,系统推送,8,流行
20230701288,西安,男,18-22,普通会员,8,6,1168,146.0,0.0,0.375,0.125,手机端（Android）,系统推送,20,流行
20230701289,北京,男,18-22,普通会员,10,7,1453,145.3,0.0,0.7,0.2,手机端（Android）,系统推送,8,流行
20230701290,杭州,未知,23-25,普通会员,11,8,1630,148.2,0.0,0.2727,0.0909,手机端（Android）,系统推送,8,流行
20230701291,重庆,男,18-22,普通会员,16,10,2554,159.6,0.0,0.5625,0.3125,手机端（iOS）,系统推送,7,流行
20230701292,南京,男,23-25,普通会员,19,9,3400,178.9,0.0,0.1579,0.1579,手机端（Android）,好友推荐,7,流行
20230701293,广州,男,18-22,普通会员,13,10,2118,162.9,0.0,0.2308,0.1538,手机端（iOS）,主动搜索,7,流行
20230701294,杭州,男,23-25,普通会员,14,8,2081,148.6,0.0,0.5,0.1429,手机端（iOS）,好友推荐,8,流行
20230701295,杭州,男,18-22,普通会员,14,7,1890,135.0,0.0,0.4286,0.1429,手机端（Android）,系统推送,8,流行
20230701296,成都,男,23-25,普通会员,10,7,1642,164.2,0.0,0.4,0.4,手机端（Android）,系统推送,13,流行
20230701297,深圳,男,18-22,普通会员,10,6,1675,167.5,0.0,0.6,0.2,手机端（iOS）,主动搜索,13,流行
20230701298,成都,男,18-22,钻石会员,13,8,2300,176.9,0.0,0.2308,0.0769,手机端（Android）,好友推荐,20,流行
20230701299,重庆,男,26-30,普通会员,14,9,2468,176.3,0.0,0.3571,0.2143,PC端,主动搜索,21,流行
20230701300,广州,男,23-25,白银会员,19,10,3125,164.5,0.0,0.2632,0.0526,手机端（Android）,系统推送,7,流行
20230701301,深圳,女,26-30,普通会员,20,9,2803,140.2,0.0,0.2,0.15,手机端（iOS）,歌单播放,8,摇滚
20230701302,武汉,男,18-22,普通会员,16,10,2617,163.6,0.0,0.125,0.1875,手机端（Android）,主动搜索,8,流行
20230701303,武汉,男,18-22,钻石会员,14,9,2375,169.6,0.0,0.2857,0.0714,手机端（iOS）,主动搜索,8,流行
20230701304,重庆,女,23-25,普通会员,10,7,1602,160.2,0.0,0.5,0.1,手机端（iOS）,系统推送,8,流行
20230701305,重庆,男,23-25,普通会员,13,10,2302,177.1,0.0,0.6923,0.3846,手机端（Android）,好友推荐,9,流行
20230701306,成都,女,18-22,普通会员,17,9,3222,189.5,0.0,0.2941,0.3529,手机端（iOS）,系统推送,21,流行
20230701307,杭州,女,18-22,普通会员,17,10,2751,161.8,0.0,0.4706,0.0588,手机端（iOS）,好友推荐,7,流行
20230701308,深圳,男,18-22,普通会员,17,9,2829,166.4,0.0,0.1176,0.1765,手机端（iOS）,主动搜索,8,流行
20230701309,北京,未知,18-22,普通会员,16,8,2473,154.6,0.0,0.3125,0.0625,手机端（iOS）,系统推送,8,流行
20230701310,南京,男,18-22,普通会员,22,9,3372,153.3,0.0,0.3182,0.2273,手机端（Android）,系统推送,8,流行
20230701311,成都,未知,23-25,黄金会员,23,11,3994,173.7,0.0,0.3478,0.087,手机端（iOS）,好友推荐,13,流行
20230701312,成都,女,23-25,普通会员,15,8,2686,179.1,0.0,0.4,0.1333,手机端（Android）,主动搜索,14,流行
20230701313,南京,男,18-22,普通会员,11,8,2158,196.2,0.0,0.1818,0.1818,手机端（Android）,好友推荐,20,流行
20230701314,西安,男,26-30,普通会员,15,7,2548,169.9,0.0,0.3333,0.0667,手机端（iOS）,主动搜索,7,流行
20230701315,武汉,未知,23-25,普通会员,14,7,2567,183.4,0.0,0.2143,0.2143,手机端（iOS）,系统推送,20,流行
20230701316,上海,女,26-30,白银会员,13,8,2013,154.8,0.0,0.3846,0.1538,手机端（Android）,系统推送,7,流行
20230701317,广州,男,18-22,普通会员,18,9,3287,182.6,0.0,0.3333,0.2222,手机端（Android）,系统推送,20,流行
20230701318,重庆,女,23-25,普通会员,15,8,2335,155.7,0.0,0.3333,0.1333,手机端（iOS）,主动搜索,20,流行
20230701319,武汉,女,23-25,普通会员,8,6,1357,169.6,0.0,0.25,0.125,手机端（Android）,系统推送,8,说唱
20230701320,南京,未知,18-22,普通会员,21,9,3390,161.4,0.0,0.3333,0.1905,手机端（Android）,系统推送,21,流行
20230701321,重庆,女,26-30,普通会员,24,10,3867,161.1,0.0,0.3333,0.1667,手机端（iOS）,系统推送,8,流行
20230701322,上海,未知,18-22,普通会员,14,9,2284,163.1,0.0,0.2857,0.2143,手机端（Android）,系统推送,20,电子
20230701323,北京,未知,23-25,白银会员,22,11,4019,182.7,0.0,0.3636,0.0455,手机端（Android）,系统推送,8,流行
20230701324,成都,女,18-22,普通会员,16,8,2344,146.5,0.0,0.625,0.1875,手机端（iOS）,主动搜索,7,流行
20230701325,广州,未知,18-22,普通会员,15,9,2669,177.9,0.0,0.2667,0.2,手机端（iOS）,系统推送,9,流行
20230701326,上海,女,23-25,普通会员,15,7,2772,184.8,0.0,0.6,0.1333,手机端（Android）,系统推送,8,流行
20230701327,武汉,男,18-22,普通会员,26,10,4187,161.0,0.0,0.3846,0.1923,手机端（iOS）,主动搜索,7,流行
20230701328,广州,男,30+,普通会员,14,7,2260,161.4,0.0,0.5714,0.2857,手机端（Android）,系统推送,8,电子
20230701329,广州,女,23-25,普通会员,16,7,2701,168.8,0.0,0.1875,0.25,手机端（Android）,系统推送,7,流行
20230701330,重庆,男,18-22,普通会员,12,7,1709,142.4,0.0,0.5,0.0833,手机端（Android）,主动搜索,8,流行
20230701331,深圳,女,18-22,白银会员,15,10,2622,174.8,0.0,0.3333,0.2,手机端（Android）,系统推送,8,流行
20230701332,重庆,男,23-25,普通会员,16,8,2779,173.7,0.0,0.4375,0.125,手机端（Android）,好友推荐,7,流行
20230701333,北京,女,18-22,普通会员,12,8,1973,164.4,0.0,0.5,0.25,手机端（iOS）,系统推送,20,流行
20230701334,杭州,男,18-22,普通会员,21,10,3334,158.8,0.0,0.3333,0.0476,手机端（iOS）,好友推荐,20,流行
20230701335,杭州,女,26-30,普通会员,17,9,3052,179.5,0.0,0.1765,0.1176,手机端（Android）,主动搜索,7,流行
20230701336,西安,男,18-22,普通会员,15,7,2536,169.1,0.0,0.2667,0.1333,PC端,歌单播放,20,流行
20230701337,成都,男,18-22,白银会员,11,7,1908,173.5,0.0,0.2727,0.1818,PC端,好友推荐,8,流行
20230701338,成都,男,18-22,普通会员,14,9,2344,167.4,0.0,0.4286,0.1429,手机端（iOS）,主动搜索,9,流行
20230701339,西安,男,18-22,白银会员,13,8,2274,174.9,0.0,0.0769,0.3077,手机端（iOS）,主动搜索,7,流行
20230701340,杭州,女,18-22,普通会员,17,9,2799,164.6,0.0,0.2353,0.0,手机端（Android）,好友推荐,7,流行
20230701341,广州,女,23-25,普通会员,22,8,3979,180.9,0.0,0.3182,0.2273,手机端（iOS）,主动搜索,8,流行
20230701342,深圳,男,23-25,白银会员,26,10,4290,165.0,0.0,0.5385,0.0385,手机端（iOS）,系统推送,8,流行
20230701343,成都,男,18-22,普通会员,19,11,3613,190.2,0.0,0.3158,0.0526,手机端（iOS）,主动搜索,20,流行
20230701344,西安,女,26-30,普通会员,15,8,2655,177.0,0.0,0.3333,0.0,手机端（Android）,好友推荐,20,流行
20230701345,西安,女,18-22,普通会员,12,7,2109,175.8,0.0,0.5,0.25,手机端（iOS）,好友推荐,20,流行
20230701346,广州,女,23-25,普通会员,11,6,1755,159.5,0.0,0.3636,0.1818,手机端（iOS）,主动搜索,8,摇滚
20230701347,深圳,男,23-25,普通会员,19,8,3208,168.8,0.0,0.3158,0.2105,手机端（Android）,好友推荐,7,流行
20230701348,南京,女,18-22,白银会员,10,7,1873,187.3,0.0,0.5,0.3,手机端（Android）,好友推荐,20,流行
20230701349,成都,女,18-22,普通会员,13,7,1863,143.3,0.0,0.2308,0.2308,手机端（Android）,主动搜索,8,流行
20230701350,杭州,男,18-22,白银会员,15,9,2653,176.9,0.0,0.2667,0.0667,手机端（iOS）,系统推送,7,流行
20230701351,南京,男,18-22,普通会员,16,9,2627,164.2,0.0,0.25,0.3125,手机端（iOS）,主动搜索,20,流行
20230701352,重庆,男,18-22,普通会员,13,5,2070,159.2,0.0,0.3846,0.0769,手机端（iOS）,系统推送,7,说唱
20230701353,广州,男,18-22,钻石会员,14,8,2639,188.5,0.0,0.2857,0.1429,手机端（iOS）,系统推送,8,流行
20230701354,成都,男,23-25,普通会员,14,8,2502,178.7,0.0,0.4286,0.0714,手机端（iOS）,歌单播放,20,摇滚
20230701355,成都,男,26-30,普通会员,12,8,1798,149.8,0.0,0.3333,0.0833,手机端（iOS）,系统推送,8,摇滚
20230701356,广州,男,18-22,普通会员,15,9,2224,148.3,0.0,0.2667,0.2,手机端（Android）,系统推送,9,流行
20230701357,杭州,男,18-22,白银会员,18,8,3441,191.2,0.0,0.5,0.2222,手机端（iOS）,主动搜索,7,流行
20230701358,成都,女,18-22,普通会员,11,8,1921,174.6,0.0,0.3636,0.4545,手机端（Android）,好友推荐,20,流行
20230701359,杭州,男,18-22,普通会员,19,10,3041,160.1,0.0,0.2632,0.2105,手机端（iOS）,好友推荐,20,流行
20230701360,重庆,女,23-25,普通会员,21,9,3441,163.9,0.0,0.3333,0.0952,手机端（Android）,好友推荐,8,流行
20230701361,南京,男,26-30,普通会员,13,8,2235,171.9,0.0,0.4615,0.1538,手机端（Android）,系统推送,14,流行
20230701362,上海,男,18-22,普通会员,16,10,2315,144.7,0.0,0.4375,0.125,手机端（Android）,主动搜索,8,流行
20230701363,杭州,女,18-22,普通会员,14,7,2304,164.6,0.0,0.4286,0.0714,手机端（Android）,系统推送,8,电子
20230701364,成都,男,18-22,普通会员,18,9,2751,152.8,0.0,0.3333,0.1111,手机端（iOS）,系统推送,20,流行
20230701365,广州,女,18-22,白银会员,11,6,1504,136.7,0.0,0.4545,0.0,手机端（Android）,主动搜索,20,说唱
20230701366,西安,女,18-22,普通会员,17,10,2495,146.8,0.0,0.2941,0.1765,手机端（iOS）,系统推送,9,流行
20230701367,成都,男,18-22,普通会员,18,10,2802,155.7,0.0,0.2778,0.3889,手机端（iOS）,主动搜索,20,流行
20230701368,成都,男,18-22,普通会员,18,9,3176,176.4,0.0,0.3889,0.0556,手机端（Android）,主动搜索,20,流行
20230701369,西安,女,30+,普通会员,24,9,4007,167.0,0.0,0.375,0.125,手机端（iOS）,好友推荐,8,流行
20230701370,西安,男,18-22,普通会员,17,9,3312,194.8,0.0,0.1176,0.1176,手机端（Android）,系统推送,7,流行
20230701371,成都,女,23-25,普通会员,15,8,2547,169.8,0.0,0.4667,0.0667,手机端（Android）,系统推送,8,摇滚
20230701372,深圳,男,18-22,普通会员,16,9,2469,154.3,0.0,0.3125,0.0625,手机端（iOS）,系统推送,21,电子
20230701373,上海,男,18-22,普通会员,14,7,2455,175.4,0.0,0.5,0.2143,手机端（Android）,歌单播放,20,摇滚
20230701374,西安,女,23-25,普通会员,16,9,2732,170.8,0.0,0.375,0.3125,手机端（iOS）,主动搜索,20,流行
20230701375,南京,未知,18-22,普通会员,21,9,3302,157.2,0.0,0.3333,0.1429,手机端（Android）,系统推送,20,流行
20230701376,重庆,女,18-22,普通会员,16,10,2562,160.1,0.0,0.1875,0.25,手机端（iOS）,系统推送,20,流行
20230701377,西安,男,26-30,普通会员,11,7,1877,170.6,0.0,0.3636,0.0909,手机端（Android）,系统推送,9,流行
20230701378,成都,女,23-25,普通会员,17,8,3102,182.5,0.0,0.3529,0.2941,手机端（iOS）,主动搜索,7,电子
20230701379,杭州,女,18-22,普通会员,16,10,2780,173.8,0.0,0.3125,0.25,手机端（iOS）,系统推送,12,流行
20230701380,广州,男,18-22,普通会员,8,5,1213,151.6,0.0,0.5,0.0,手机端（iOS）,好友推荐,22,流行
20230701381,南京,未知,18-22,普通会员,20,9,3465,173.2,0.0,0.4,0.15,手机端（iOS）,系统推送,22,流行
20230701382,西安,女,18-22,黄金会员,13,9,2073,159.5,0.0,0.2308,0.3077,手机端（iOS）,系统推送,9,流行
20230701383,武汉,男,18-22,普通会员,16,9,2789,174.3,0.0,0.25,0.1875,手机端（Android）,好友推荐,7,流行
20230701384,南京,男,18-22,白银会员,16,7,2573,160.8,0.0,0.25,0.125,手机端（iOS）,系统推送,8,流行
20230701385,重庆,女,18-22,普通会员,16,7,2875,179.7,0.0,0.1875,0.1875,手机端（iOS）,系统推送,8,流行
20230701386,杭州,女,23-25,普通会员,20,10,3322,166.1,0.0,0.55,0.05,手机端（iOS）,系统推送,7,流行
20230701387,深圳,男,18-22,普通会员,19,8,3450,181.6,0.0,0.4737,0.1579,手机端（iOS）,系统推送,8,流行
20230701388,杭州,女,23-25,普通会员,16,10,2504,156.5,0.0,0.5625,0.1875,手机端（Android）,主动搜索,9,流行
20230701389,杭州,女,18-22,普通会员,21,10,3176,151.2,0.0,0.5238,0.1905,手机端（Android）,系统推送,20,流行
20230701390,杭州,女,26-30,普通会员,15,9,2578,171.9,0.0,0.4,0.3333,手机端（Android）,系统推送,20,流行
20230701391,深圳,女,18-22,普通会员,9,6,1498,166.4,0.0,0.5556,0.2222,手机端（iOS）,系统推送,7,流行
20230701392,上海,未知,18-22,普通会员,17,10,2857,168.1,0.0,0.5294,0.1176,手机端（iOS）,好友推荐,7,流行
20230701393,杭州,男,23-25,普通会员,12,9,2146,178.8,0.0,0.4167,0.0833,手机端（Android）,系统推送,7,电子
20230701394,深圳,女,18-22,普通会员,20,9,3591,179.6,0.0,0.4,0.2,手机端（Android）,系统推送,20,流行
20230701395,深圳,男,18-22,普通会员,19,10,2998,157.8,0.0,0.2105,0.2632,手机端（iOS）,系统推送,9,流行
20230701396,广州,女,18-22,钻石会员,19,8,3114,163.9,0.0,0.3158,0.1053,手机端（Android）,主动搜索,7,流行
20230701397,杭州,男,18-22,普通会员,12,6,2053,171.1,0.0,0.5833,0.25,手机端（Android）,系统推送,7,流行
20230701398,南京,男,18-22,普通会员,15,9,2438,162.5,0.0,0.4,0.1333,手机端（iOS）,主动搜索,7,流行
20230701399,上海,男,18-22,普通会员,18,9,2998,166.6,0.0,0.6111,0.2778,手机端（Android）,系统推送,8,流行
20230701400,上海,女,18-22,普通会员,12,5,1904,158.7,0.0,0.4167,0.0,手机端（iOS）,系统推送,13,摇滚
20230701401,成都,女,18-22,普通会员,15,8,2840,189.3,0.0,0.3333,0.3333,手机端（Android）,系统推送,20,流行
20230701402,西安,未知,18-22,白银会员,16,8,2703,168.9,0.0,0.5625,0.1875,手机端（iOS）,好友推荐,7,流行
20230701403,西安,男,18-22,普通会员,18,9,3094,171.9,0.0,0.4444,0.1667,手机端（Android）,系统推送,8,流行
20230701404,南京,男,18-22,普通会员,13,7,2270,174.6,0.0,0.4615,0.3077,手机端（Android）,好友推荐,7,流行
20230701405,杭州,女,23-25,普通会员,21,8,4038,192.3,0.0,0.3333,0.2381,手机端（iOS）,主动搜索,8,流行
20230701406,杭州,男,23-25,普通会员,16,6,2422,151.4,0.0,0.1875,0.0,手机端（Android）,系统推送,20,摇滚
20230701407,杭州,女,18-22,普通会员,18,10,2827,157.1,0.0,0.2222,0.1667,手机端（iOS）,歌单播放,7,流行
20230701408,重庆,女,18-22,普通会员,13,8,2117,162.8,0.0,0.4615,0.1538,手机端（Android）,主动搜索,20,流行
20230701409,西安,男,18-22,白银会员,20,8,3187,159.4,0.0,0.4,0.1,手机端（iOS）,好友推荐,8,流行
20230701410,南京,女,30+,白银会员,15,8,2680,178.7,0.0,0.5333,0.1333,手机端（Android）,好友推荐,9,流行
20230701411,重庆,女,18-22,普通会员,15,9,2378,158.5,0.0,0.5333,0.1333,手机端（iOS）,系统推送,20,流行
20230701412,北京,男,30+,普通会员,19,8,2937,154.6,0.0,0.4737,0.1053,手机端（Android）,好友推荐,20,流行
20230701413,北京,女,23-25,普通会员,12,8,2014,167.8,0.0,0.4167,0.0,手机端（iOS）,主动搜索,9,流行
20230701414,上海,女,18-22,普通会员,11,10,1882,171.1,0.0,0.3636,0.1818,手机端（Android）,系统推送,8,流行
20230701415,武汉,男,23-25,普通会员,17,10,2764,162.6,0.0,0.3529,0.3529,手机端（iOS）,好友推荐,20,电子
20230701416,深圳,女,18-22,普通会员,16,8,2568,160.5,0.0,0.125,0.125,手机端（iOS）,系统推送,9,流行
20230701417,南京,女,26-30,普通会员,13,6,2326,178.9,0.0,0.6154,0.1538,手机端（iOS）,系统推送,7,流行
20230701418,杭州,女,18-22,普通会员,14,9,2615,186.8,0.0,0.4286,0.1429,手机端（iOS）,好友推荐,12,流行
20230701419,上海,男,18-22,普通会员,17,8,2906,170.9,0.0,0.4118,0.1176,手机端（Android）,系统推送,8,说唱
20230701420,成都,男,23-25,普通会员,15,8,2653,176.9,0.0,0.0,0.0667,手机端（iOS）,系统推送,20,流行
20230701421,广州,男,18-22,普通会员,17,8,2776,163.3,0.0,0.3529,0.2941,手机端（Android）,系统推送,14,流行
20230701422,上海,男,23-25,普通会员,13,9,2240,172.3,0.0,0.3077,0.2308,手机端（iOS）,主动搜索,8,流行
20230701423,西安,女,18-22,普通会员,20,11,3403,170.2,0.0,0.15,0.2,手机端（iOS）,系统推送,8,流行
20230701424,成都,女,23-25,白银会员,22,10,3691,167.8,0.0,0.5909,0.0909,手机端（iOS）,歌单播放,20,流行
20230701425,北京,女,18-22,普通会员,15,7,2419,161.3,0.0,0.3333,0.2,手机端（Android）,歌单播放,8,流行
20230701426,北京,未知,18-22,普通会员,13,9,2145,165.0,0.0,0.3846,0.0769,手机端（iOS）,主动搜索,20,流行
20230701427,西安,女,18-22,普通会员,17,8,2647,155.7,0.0,0.4118,0.2941,手机端（iOS）,系统推送,9,流行
20230701428,北京,男,23-25,普通会员,9,6,1371,152.3,0.0,0.3333,0.1111,手机端（Android）,好友推荐,8,流行
20230701429,北京,男,30+,白银会员,21,11,3927,187.0,0.0,0.2381,0.1429,手机端（iOS）,主动搜索,9,流行
20230701430,西安,男,18-22,普通会员,16,10,2933,183.3,0.0,0.25,0.375,手机端（iOS）,主动搜索,7,流行
20230701431,西安,男,30+,普通会员,15,9,2752,183.5,0.0,0.3333,0.0667,手机端（Android）,主动搜索,7,流行
20230701432,上海,男,23-25,普通会员,16,8,2450,153.1,0.0,0.125,0.25,手机端（iOS）,主动搜索,20,流行
20230701433,南京,男,18-22,普通会员,15,8,2648,176.5,0.0,0.2,0.2667,手机端（Android）,系统推送,20,流行
20230701434,上海,未知,18-22,普通会员,19,8,3196,168.2,0.0,0.2632,0.0526,手机端（iOS）,系统推送,7,流行
20230701435,武汉,女,18-22,普通会员,19,8,3329,175.2,0.0,0.4211,0.1579,手机端（iOS）,主动搜索,22,流行
20230701436,南京,女,18-22,普通会员,16,9,2748,171.8,0.0,0.5,0.125,手机端（Android）,系统推送,8,流行
20230701437,广州,女,18-22,普通会员,18,9,2941,163.4,0.0,0.5,0.1667,手机端（iOS）,系统推送,7,流行
20230701438,广州,女,18-22,普通会员,16,8,2292,143.2,0.0,0.375,0.0625,手机端（iOS）,主动搜索,7,摇滚
20230701439,广州,女,18-22,普通会员,20,9,3506,175.3,0.0,0.3,0.1,手机端（Android）,好友推荐,20,流行
20230701440,北京,女,18-22,普通会员,15,8,2390,159.3,0.0,0.5333,0.2667,手机端（iOS）,主动搜索,8,流行
20230701441,武汉,男,23-25,黄金会员,25,10,4025,161.0,0.0,0.36,0.0,手机端（Android）,系统推送,8,流行
20230701442,南京,女,18-22,普通会员,13,8,2251,173.2,0.0,0.2308,0.4615,手机端（iOS）,好友推荐,8,电子
20230701443,武汉,女,18-22,钻石会员,18,8,2997,166.5,0.0,0.3889,0.2222,手机端（iOS）,好友推荐,8,流行
20230701444,广州,男,18-22,普通会员,16,8,2671,166.9,0.0,0.5625,0.3125,手机端（Android）,好友推荐,21,流行
20230701445,成都,女,18-22,黄金会员,14,6,2486,177.6,0.0,0.3571,0.2857,手机端（Android）,系统推送,9,流行
20230701446,武汉,女,18-22,普通会员,19,9,3203,168.6,0.0,0.1579,0.2632,手机端（iOS）,系统推送,8,流行
20230701447,武汉,未知,26-30,普通会员,15,7,2578,171.9,0.0,0.4667,0.2667,手机端（iOS）,主动搜索,8,流行
20230701448,广州,女,18-22,普通会员,14,7,2646,189.0,0.0,0.5,0.3571,手机端（Android）,主动搜索,9,流行
20230701449,西安,未知,26-30,普通会员,16,8,2417,151.1,0.0,0.25,0.25,手机端（iOS）,好友推荐,7,流行
20230701450,广州,男,23-25,普通会员,20,10,2967,148.4,0.0,0.4,0.25,手机端（Android）,好友推荐,7,电子
20230701451,南京,女,23-25,普通会员,19,9,3484,183.4,0.0,0.1579,0.1053,手机端（Android）,主动搜索,20,摇滚
20230701452,北京,男,18-22,普通会员,14,7,2153,153.8,0.0,0.4286,0.1429,手机端（Android）,系统推送,8,流行
20230701453,南京,女,18-22,普通会员,15,8,2596,173.1,0.0,0.3333,0.0667,手机端（Android）,系统推送,20,流行
20230701454,南京,女,18-22,黄金会员,14,9,2144,153.1,0.0,0.2143,0.1429,手机端（Android）,系统推送,14,摇滚
20230701455,武汉,男,18-22,白银会员,17,10,2717,159.8,0.0,0.3529,0.1765,手机端（iOS）,系统推送,7,流行
20230701456,武汉,女,18-22,普通会员,11,9,1716,156.0,0.0,0.3636,0.2727,手机端（iOS）,系统推送,9,流行
20230701457,成都,女,23-25,普通会员,10,7,1868,186.8,0.0,0.3,0.1,手机端（iOS）,歌单播放,20,说唱
20230701458,上海,男,18-22,普通会员,12,8,1985,165.4,0.0,0.3333,0.25,手机端（Android）,主动搜索,7,说唱
20230701459,广州,男,18-22,普通会员,19,11,2984,157.1,0.0,0.3158,0.3158,手机端（iOS）,系统推送,21,流行
20230701460,上海,女,18-22,普通会员,8,7,1490,186.2,0.0,0.375,0.375,手机端（iOS）,主动搜索,22,流行
20230701461,北京,男,18-22,普通会员,21,11,3676,175.0,0.0,0.1905,0.0952,手机端（Android）,系统推送,20,流行
20230701462,武汉,女,30+,普通会员,14,9,2472,176.6,0.0,0.2857,0.1429,手机端（Android）,系统推送,8,流行
20230701463,深圳,女,26-30,普通会员,14,6,2342,167.3,0.0,0.2143,0.3571,手机端（iOS）,系统推送,9,流行
20230701464,上海,未知,30+,普通会员,21,10,3220,153.3,0.0,0.5238,0.1429,手机端（Android）,系统推送,7,流行
20230701465,北京,女,18-22,普通会员,12,8,2462,205.2,0.0,0.5,0.25,手机端（iOS）,主动搜索,7,流行
20230701466,武汉,未知,26-30,普通会员,18,10,2960,164.4,0.0,0.2778,0.1667,手机端（iOS）,系统推送,21,流行
20230701467,重庆,男,18-22,普通会员,18,10,2995,166.4,0.0,0.3333,0.2222,手机端（Android）,主动搜索,8,流行
20230701468,西安,男,18-22,普通会员,23,9,3561,154.8,0.0,0.4783,0.0435,手机端（iOS）,系统推送,7,流行
20230701469,北京,男,26-30,普通会员,11,6,1856,168.7,0.0,0.3636,0.0909,手机端（Android）,主动搜索,8,摇滚
20230701470,西安,男,18-22,普通会员,16,8,2248,140.5,0.0,0.375,0.125,手机端（iOS）,主动搜索,7,摇滚
20230701471,南京,女,18-22,钻石会员,23,11,4004,174.1,0.0,0.3913,0.087,手机端（iOS）,主动搜索,20,流行
20230701472,深圳,男,23-25,普通会员,14,9,2002,143.0,0.0,0.2857,0.2857,手机端（Android）,好友推荐,7,流行
20230701473,南京,女,26-30,普通会员,20,9,3009,150.4,0.0,0.25,0.15,手机端（iOS）,系统推送,8,说唱
20230701474,深圳,女,26-30,白银会员,14,9,2641,188.6,0.0,0.3571,0.1429,手机端（Android）,主动搜索,9,电子
20230701475,上海,未知,18-22,普通会员,20,9,3393,169.6,0.0,0.4,0.15,手机端（iOS）,系统推送,20,流行
20230701476,重庆,男,30+,白银会员,18,9,2694,149.7,0.0,0.2778,0.3333,手机端（Android）,好友推荐,20,流行
20230701477,成都,男,18-22,普通会员,9,5,1367,151.9,0.0,0.4444,0.0,PC端,主动搜索,7,摇滚
20230701478,武汉,女,18-22,普通会员,9,8,1517,168.6,0.0,0.3333,0.1111,手机端（Android）,系统推送,7,流行
20230701479,杭州,女,18-22,黄金会员,16,8,2748,171.8,0.0,0.25,0.0625,手机端（Android）,好友推荐,20,流行
20230701480,杭州,女,18-22,普通会员,21,10,3437,163.7,0.0,0.381,0.1429,手机端（iOS）,系统推送,7,流行
20230701481,武汉,女,18-22,普通会员,13,10,2295,176.5,0.0,0.2308,0.4615,手机端（iOS）,好友推荐,14,流行
20230701482,深圳,男,18-22,普通会员,10,7,1713,171.3,0.0,0.3,0.2,手机端（iOS）,系统推送,8,流行
20230701483,北京,女,23-25,普通会员,17,7,2643,155.5,0.0,0.2353,0.1176,手机端（iOS）,好友推荐,20,说唱
20230701484,重庆,女,26-30,钻石会员,17,10,2532,148.9,0.0,0.2353,0.1176,手机端（Android）,系统推送,7,流行
20230701485,深圳,女,23-25,普通会员,18,10,2939,163.3,0.0,0.5,0.1667,手机端（iOS）,主动搜索,12,流行
20230701486,广州,女,23-25,普通会员,16,8,2527,157.9,0.0,0.4375,0.0,手机端（Android）,系统推送,13,流行
20230701487,重庆,未知,18-22,普通会员,19,8,3138,165.2,0.0,0.3684,0.1579,手机端（Android）,主动搜索,13,流行
20230701488,上海,女,18-22,普通会员,16,9,2576,161.0,0.0,0.3125,0.0625,手机端（Android）,好友推荐,8,流行
20230701489,深圳,女,18-22,普通会员,14,8,2279,162.8,0.0,0.5714,0.2143,手机端（iOS）,系统推送,14,流行
20230701490,成都,女,18-22,普通会员,17,8,2842,167.2,0.0,0.3529,0.1765,手机端（iOS）,好友推荐,7,流行
20230701491,成都,男,18-22,普通会员,20,9,3448,172.4,0.0,0.45,0.15,手机端（iOS）,歌单播放,13,流行
20230701492,西安,男,18-22,普通会员,13,8,2543,195.6,0.0,0.1538,0.3846,手机端（Android）,系统推送,7,流行
20230701493,武汉,男,18-22,普通会员,15,9,2374,158.3,0.0,0.2667,0.1333,手机端（Android）,好友推荐,8,流行
20230701494,上海,男,26-30,白银会员,17,9,2768,162.8,0.0,0.3529,0.2353,手机端（iOS）,主动搜索,21,流行
20230701495,武汉,女,18-22,普通会员,20,9,3457,172.8,0.0,0.3,0.1,手机端（iOS）,好友推荐,7,流行
20230701496,西安,女,18-22,普通会员,19,7,3026,159.3,0.0,0.1579,0.3158,手机端（Android）,系统推送,20,说唱
20230701497,成都,男,23-25,白银会员,19,10,3109,163.6,0.0,0.2632,0.2632,手机端（Android）,系统推送,9,流行
20230701498,北京,男,18-22,普通会员,19,10,2997,157.7,0.0,0.2632,0.2632,手机端（iOS）,系统推送,7,流行
20230701499,深圳,男,18-22,普通会员,20,9,3221,161.0,0.0,0.3,0.15,手机端（Android）,系统推送,7,流行
20230701500,广州,男,23-25,普通会员,15,9,2521,168.1,0.0,0.7333,0.2,手机端（iOS）,歌单播放,7,流行
20230701501,杭州,男,18-22,普通会员,12,9,2027,168.9,0.0,0.1667,0.1667,手机端（iOS）,主动搜索,9,流行
20230701502,广州,男,18-22,普通会员,16,8,2585,161.6,0.0,0.375,0.125,手机端（iOS）,主动搜索,7,流行
20230701503,北京,男,18-22,普通会员,12,6,2319,193.2,0.0,0.4167,0.0833,手机端（Android）,好友推荐,21,流行
20230701504,重庆,男,23-25,普通会员,17,8,3232,190.1,0.0,0.5294,0.1176,手机端（Android）,系统推送,20,流行
20230701505,重庆,男,23-25,白银会员,19,10,3057,160.9,0.0,0.3158,0.1053,手机端（iOS）,主动搜索,20,流行
20230701506,西安,男,23-25,普通会员,17,10,2784,163.8,0.0,0.3529,0.2353,手机端（iOS）,好友推荐,20,流行
20230701507,西安,女,30+,普通会员,18,7,2960,164.4,0.0,0.3333,0.2222,手机端（iOS）,主动搜索,7,流行
20230701508,南京,女,18-22,普通会员,10,6,1727,172.7,0.0,0.3,0.3,手机端（Android）,主动搜索,20,流行
20230701509,北京,女,23-25,普通会员,16,10,2894,180.9,0.0,0.1875,0.125,手机端（iOS）,主动搜索,7,流行
20230701510,重庆,男,18-22,普通会员,8,5,1543,192.9,0.0,0.375,0.0,手机端（iOS）,系统推送,7,流行
20230701511,成都,女,18-22,普通会员,13,7,1962,150.9,0.0,0.5385,0.1538,手机端（Android）,好友推荐,8,流行
20230701512,深圳,女,18-22,普通会员,15,8,2567,171.1,0.0,0.3333,0.1333,手机端（iOS）,系统推送,7,说唱
20230701513,成都,女,18-22,普通会员,15,9,2921,194.7,0.0,0.4667,0.0667,手机端（iOS）,系统推送,7,流行
20230701514,上海,女,23-25,白银会员,17,8,3175,186.8,0.0,0.4118,0.4118,手机端（iOS）,系统推送,12,流行
20230701515,重庆,女,26-30,白银会员,7,5,1192,170.3,0.0,0.2857,0.2857,手机端（iOS）,好友推荐,7,流行
20230701516,深圳,女,18-22,普通会员,14,8,2413,172.4,0.0,0.5,0.0714,手机端（Android）,好友推荐,12,流行
20230701517,重庆,男,18-22,普通会员,21,9,3617,172.2,0.0,0.381,0.0476,手机端（iOS）,系统推送,7,流行
20230701518,深圳,女,18-22,普通会员,19,9,3308,174.1,0.0,0.4737,0.2632,手机端（iOS）,主动搜索,8,流行
20230701519,武汉,女,18-22,普通会员,20,8,3466,173.3,0.0,0.45,0.3,手机端（iOS）,主动搜索,7,流行
20230701520,武汉,女,18-22,普通会员,23,11,3877,168.6,0.0,0.3043,0.087,手机端（iOS）,系统推送,20,流行
20230701521,深圳,女,18-22,普通会员,9,6,1576,175.1,0.0,0.4444,0.0,手机端（iOS）,主动搜索,8,流行
20230701522,上海,女,18-22,普通会员,15,8,2122,141.5,0.0,0.4,0.2667,手机端（Android）,好友推荐,20,流行
20230701523,成都,男,30+,普通会员,13,7,2187,168.2,0.0,0.0769,0.1538,手机端（iOS）,主动搜索,9,流行
20230701524,南京,女,18-22,普通会员,18,10,3090,171.7,0.0,0.3889,0.2222,手机端（Android）,系统推送,21,流行
20230701525,武汉,男,18-22,普通会员,18,10,2691,149.5,0.0,0.2222,0.1667,手机端（iOS）,主动搜索,8,流行
20230701526,广州,女,18-22,普通会员,18,9,3121,173.4,0.0,0.3333,0.2222,手机端（iOS）,系统推送,20,流行
20230701527,武汉,男,26-30,普通会员,17,8,2764,162.6,0.0,0.4118,0.1176,手机端（iOS）,主动搜索,20,流行
20230701528,北京,女,23-25,白银会员,23,11,4475,194.6,0.0,0.3043,0.1739,手机端（iOS）,系统推送,7,流行
20230701529,上海,男,18-22,普通会员,18,10,3088,171.6,0.0,0.3333,0.2222,手机端（Android）,好友推荐,8,电子
20230701530,广州,女,18-22,普通会员,17,8,2849,167.6,0.0,0.4118,0.1765,手机端（Android）,系统推送,8,说唱
20230701531,重庆,女,23-25,普通会员,7,5,1090,155.7,0.0,0.4286,0.2857,手机端（iOS）,系统推送,7,摇滚
20230701532,深圳,女,30+,普通会员,15,8,2486,165.7,0.0,0.3333,0.1333,手机端（Android）,好友推荐,20,流行
20230701533,广州,男,18-22,普通会员,12,6,1655,137.9,0.0,0.4167,0.1667,手机端（iOS）,系统推送,9,流行
20230701534,深圳,男,23-25,普通会员,16,9,2387,149.2,0.0,0.375,0.25,手机端（Android）,系统推送,7,流行
20230701535,广州,女,26-30,普通会员,19,9,3675,193.4,0.0,0.3684,0.1579,手机端（iOS）,系统推送,7,流行
20230701536,广州,未知,23-25,普通会员,11,8,1763,160.3,0.0,0.5455,0.1818,手机端（iOS）,主动搜索,7,流行
20230701537,武汉,女,26-30,白银会员,15,7,2315,154.3,0.0,0.2667,0.0667,手机端（Android）,好友推荐,7,流行
20230701538,武汉,男,18-22,白银会员,14,6,2219,158.5,0.0,0.1429,0.2143,手机端（Android）,主动搜索,7,说唱
20230701539,西安,女,18-22,普通会员,17,10,2848,167.5,0.0,0.4118,0.1176,手机端（Android）,系统推送,8,流行
20230701540,杭州,男,18-22,普通会员,12,7,1633,136.1,0.0,0.3333,0.25,手机端（Android）,主动搜索,7,流行
20230701541,西安,女,18-22,普通会员,11,9,1899,172.6,0.0,0.3636,0.1818,手机端（iOS）,歌单播放,7,流行
20230701542,上海,男,23-25,普通会员,14,7,2278,162.7,0.0,0.2857,0.0714,手机端（Android）,主动搜索,8,摇滚
20230701543,杭州,女,23-25,普通会员,13,9,2124,163.4,0.0,0.3846,0.3077,手机端（Android）,系统推送,7,电子
20230701544,南京,女,18-22,普通会员,16,8,2593,162.1,0.0,0.5625,0.125,手机端（iOS）,好友推荐,9,流行
20230701545,成都,女,23-25,普通会员,26,11,4415,169.8,0.0,0.2692,0.1923,手机端（Android）,系统推送,13,流行
20230701546,深圳,男,18-22,普通会员,17,9,3154,185.5,0.0,0.3529,0.2353,手机端（iOS）,系统推送,7,流行
20230701547,北京,女,18-22,普通会员,11,8,1791,162.8,0.0,0.4545,0.3636,手机端（Android）,好友推荐,7,流行
20230701548,深圳,男,18-22,普通会员,18,7,3311,183.9,0.0,0.3889,0.1667,手机端（iOS）,系统推送,21,流行
20230701549,上海,女,18-22,普通会员,16,7,2763,172.7,0.0,0.5,0.25,手机端（iOS）,系统推送,9,流行
20230701550,南京,男,23-25,普通会员,11,8,1683,153.0,0.0,0.0909,0.1818,手机端（Android）,主动搜索,7,流行
20230701551,成都,未知,18-22,普通会员,12,7,1924,160.3,0.0,0.4167,0.0833,手机端（Android）,系统推送,12,流行
20230701552,重庆,男,18-22,普通会员,14,9,2543,181.6,0.0,0.2857,0.1429,手机端（Android）,好友推荐,7,流行
20230701553,南京,男,18-22,普通会员,12,7,1953,162.8,0.0,0.0833,0.0833,手机端（Android）,系统推送,21,流行
20230701554,深圳,男,23-25,黄金会员,18,10,2824,156.9,0.0,0.2222,0.0,手机端（Android）,系统推送,20,流行
20230701555,西安,男,18-22,普通会员,18,7,3549,197.2,0.0,0.2222,0.2222,手机端（Android）,系统推送,8,流行
20230701556,杭州,女,18-22,普通会员,11,7,1750,159.1,0.0,0.2727,0.0909,手机端（Android）,系统推送,7,流行
20230701557,重庆,女,23-25,普通会员,17,8,2771,163.0,0.0,0.4706,0.0,手机端（Android）,好友推荐,7,摇滚
20230701558,广州,女,23-25,普通会员,17,8,2665,156.8,0.0,0.1765,0.1765,手机端（Android）,系统推送,7,电子
20230701559,深圳,男,23-25,普通会员,14,9,2453,175.2,0.0,0.2143,0.2143,手机端（iOS）,系统推送,20,流行
20230701560,深圳,男,18-22,普通会员,13,7,2073,159.5,0.0,0.4615,0.2308,手机端（Android）,主动搜索,9,流行
20230701561,南京,男,26-30,普通会员,23,10,4102,178.3,0.0,0.3913,0.087,手机端（Android）,系统推送,7,说唱
20230701562,广州,女,18-22,普通会员,21,11,3364,160.2,0.0,0.4286,0.1429,手机端（Android）,系统推送,7,流行
20230701563,北京,男,18-22,普通会员,13,6,2003,154.1,0.0,0.3846,0.3077,手机端（Android）,好友推荐,8,流行
20230701564,杭州,男,18-22,普通会员,16,6,2874,179.6,0.0,0.375,0.0625,手机端（Android）,主动搜索,8,流行
20230701565,广州,女,26-30,普通会员,14,6,2260,161.4,0.0,0.1429,0.1429,手机端（iOS）,系统推送,7,电子
20230701566,南京,男,18-22,黄金会员,21,9,3626,172.7,0.0,0.5238,0.2381,手机端（iOS）,系统推送,8,流行
20230701567,成都,男,18-22,白银会员,15,9,2640,176.0,0.0,0.3333,0.1333,手机端（iOS）,主动搜索,20,摇滚
20230701568,杭州,女,18-22,普通会员,11,8,1914,174.0,0.0,0.2727,0.1818,手机端（iOS）,系统推送,8,流行
20230701569,杭州,男,23-25,普通会员,14,9,2315,165.4,0.0,0.2143,0.0714,手机端（iOS）,主动搜索,20,流行
20230701570,上海,男,18-22,普通会员,15,7,2400,160.0,0.0,0.2,0.0667,手机端（iOS）,系统推送,12,流行
20230701571,深圳,女,26-30,普通会员,17,8,2836,166.8,0.0,0.1765,0.2941,手机端（Android）,主动搜索,8,流行
20230701572,西安,男,30+,普通会员,13,7,2065,158.8,0.0,0.2308,0.0769,手机端（iOS）,系统推送,21,流行
20230701573,武汉,男,18-22,普通会员,17,8,2598,152.8,0.0,0.5882,0.1176,手机端（Android）,好友推荐,7,流行
20230701574,南京,男,30+,普通会员,19,7,2874,151.3,0.0,0.2632,0.1053,手机端（Android）,系统推送,7,说唱
20230701575,北京,女,18-22,普通会员,18,7,2874,159.7,0.0,0.3889,0.1667,手机端（iOS）,系统推送,20,流行
20230701576,广州,男,18-22,普通会员,15,8,2658,177.2,0.0,0.3333,0.2667,手机端（iOS）,主动搜索,8,流行
20230701577,南京,男,18-22,普通会员,19,7,2938,154.6,0.0,0.3684,0.3158,手机端（Android）,好友推荐,7,流行
20230701578,广州,女,18-22,普通会员,16,10,2886,180.4,0.0,0.3125,0.0625,手机端（iOS）,系统推送,7,流行
20230701579,成都,女,26-30,普通会员,18,10,3276,182.0,0.0,0.2778,0.2222,手机端（Android）,系统推送,8,流行
20230701580,广州,男,18-22,普通会员,14,7,2482,177.3,0.0,0.0714,0.1429,手机端（iOS）,系统推送,8,说唱
20230701581,深圳,男,23-25,普通会员,21,9,3435,163.6,0.0,0.381,0.1429,手机端（Android）,系统推送,8,流行
20230701582,上海,女,18-22,普通会员,11,6,1626,147.8,0.0,0.4545,0.4545,手机端（Android）,歌单播放,8,流行
20230701583,西安,女,23-25,普通会员,17,9,2694,158.5,0.0,0.1176,0.0588,手机端（Android）,系统推送,20,流行
20230701584,上海,女,18-22,普通会员,9,7,1444,160.4,0.0,0.4444,0.0,手机端（Android）,主动搜索,8,流行
20230701585,成都,男,18-22,普通会员,19,10,3064,161.3,0.0,0.3684,0.3158,手机端（Android）,系统推送,9,流行
20230701586,深圳,男,18-22,普通会员,13,7,2122,163.2,0.0,0.7692,0.1538,手机端（Android）,好友推荐,8,说唱
20230701587,上海,男,18-22,普通会员,10,8,1450,145.0,0.0,0.4,0.1,手机端（Android）,系统推送,20,流行
20230701588,杭州,男,23-25,普通会员,18,9,3321,184.5,0.0,0.4444,0.2222,手机端（iOS）,系统推送,7,流行
20230701589,西安,女,23-25,普通会员,20,10,3189,159.4,0.0,0.3,0.25,手机端（Android）,系统推送,7,流行
20230701590,重庆,男,18-22,普通会员,23,9,3811,165.7,0.0,0.2609,0.3043,手机端（iOS）,歌单播放,8,说唱
20230701591,武汉,男,18-22,普通会员,15,10,2369,157.9,0.0,0.2667,0.2,手机端（iOS）,好友推荐,7,流行
20230701592,南京,未知,23-25,普通会员,18,10,2814,156.3,0.0,0.4444,0.3333,手机端（iOS）,主动搜索,12,流行
20230701593,重庆,女,18-22,普通会员,16,9,2713,169.6,0.0,0.1875,0.1875,手机端（Android）,主动搜索,8,流行
20230701594,南京,男,18-22,普通会员,14,7,2389,170.6,0.0,0.5,0.1429,手机端（iOS）,主动搜索,13,流行
20230701595,西安,男,18-22,普通会员,19,9,3224,169.7,0.0,0.4211,0.2105,手机端（iOS）,系统推送,8,流行
20230701596,深圳,男,18-22,普通会员,15,9,2726,181.7,0.0,0.2,0.1333,手机端（iOS）,好友推荐,8,流行
20230701597,广州,男,30+,普通会员,11,6,1661,151.0,0.0,0.3636,0.0909,手机端（Android）,歌单播放,13,说唱
20230701598,重庆,男,18-22,普通会员,14,9,2350,167.9,0.0,0.3571,0.2857,手机端（Android）,系统推送,7,流行
20230701599,杭州,女,23-25,普通会员,16,10,3030,189.4,0.0,0.25,0.125,手机端（Android）,系统推送,8,流行
20230701600,深圳,女,23-25,普通会员,22,10,4152,188.7,0.0,0.3636,0.1818,手机端（iOS）,主动搜索,8,摇滚
20230701601,广州,男,23-25,普通会员,14,9,2200,157.1,0.0,0.5,0.2857,手机端（iOS）,系统推送,20,流行
20230701602,北京,男,26-30,普通会员,13,7,2136,164.3,0.0,0.3846,0.0,手机端（iOS）,好友推荐,7,流行
20230701603,上海,女,26-30,普通会员,14,9,2519,179.9,0.0,0.4286,0.2857,手机端（Android）,好友推荐,9,流行
20230701604,杭州,男,23-25,普通会员,17,10,2864,168.5,0.0,0.5294,0.1765,手机端（Android）,好友推荐,7,流行
20230701605,武汉,女,18-22,普通会员,17,7,2847,167.5,0.0,0.2941,0.4118,手机端（iOS）,歌单播放,7,流行
20230701606,深圳,女,18-22,普通会员,21,10,3472,165.3,0.0,0.2381,0.1905,手机端（Android）,系统推送,14,流行
20230701607,武汉,未知,23-25,普通会员,14,7,2277,162.6,0.0,0.2143,0.2857,手机端（Android）,主动搜索,21,电子
20230701608,南京,男,18-22,普通会员,16,10,2461,153.8,0.0,0.375,0.125,手机端（iOS）,系统推送,7,流行
20230701609,成都,男,18-22,普通会员,23,10,3781,164.4,0.0,0.3478,0.3913,手机端（iOS）,系统推送,20,流行
20230701610,南京,男,18-22,普通会员,18,10,3164,175.8,0.0,0.4444,0.2778,手机端（Android）,主动搜索,14,电子
20230701611,深圳,女,26-30,普通会员,18,9,2879,159.9,0.0,0.3889,0.1111,手机端（iOS）,好友推荐,20,流行
20230701612,深圳,男,26-30,普通会员,18,10,3159,175.5,0.0,0.4444,0.3889,手机端（Android）,系统推送,8,流行
20230701613,深圳,男,18-22,普通会员,18,11,2829,157.2,0.0,0.3333,0.1111,手机端（Android）,好友推荐,8,流行
20230701614,广州,男,23-25,白银会员,14,9,2096,149.7,0.0,0.4286,0.0714,手机端（Android）,主动搜索,9,流行
20230701615,深圳,女,23-25,普通会员,14,8,2615,186.8,0.0,0.3571,0.1429,手机端（iOS）,系统推送,7,流行
20230701616,杭州,女,23-25,黄金会员,12,8,1914,159.5,0.0,0.4167,0.0,手机端（Android）,歌单播放,13,流行
20230701617,广州,男,18-22,普通会员,16,9,2635,164.7,0.0,0.25,0.0,手机端（iOS）,系统推送,8,流行
20230701618,杭州,男,23-25,普通会员,19,10,3630,191.1,0.0,0.3684,0.2105,手机端（iOS）,好友推荐,20,流行
20230701619,西安,女,18-22,黄金会员,18,11,3169,176.1,0.0,0.2778,0.2778,手机端（Android）,主动搜索,20,流行
20230701620,北京,男,18-22,普通会员,15,7,2498,166.5,0.0,0.6667,0.3333,手机端（Android）,系统推送,20,流行
20230701621,武汉,女,18-22,普通会员,11,7,1775,161.4,0.0,0.1818,0.0909,手机端（iOS）,好友推荐,7,说唱
20230701622,成都,男,18-22,普通会员,10,7,1721,172.1,0.0,0.4,0.0,手机端（Android）,主动搜索,7,说唱
20230701623,武汉,女,26-30,普通会员,14,8,2573,183.8,0.0,0.2857,0.2857,手机端（Android）,系统推送,9,流行
20230701624,武汉,男,23-25,白银会员,20,10,2994,149.7,0.0,0.5,0.25,手机端（Android）,系统推送,20,流行
20230701625,南京,女,18-22,普通会员,10,7,1778,177.8,0.0,0.5,0.0,手机端（iOS）,主动搜索,8,流行
20230701626,广州,未知,30+,普通会员,17,9,2771,163.0,0.0,0.1176,0.1765,手机端（iOS）,好友推荐,7,流行
20230701627,深圳,男,26-30,普通会员,15,8,2343,156.2,0.0,0.2667,0.0667,手机端（iOS）,主动搜索,7,流行
20230701628,武汉,女,26-30,普通会员,11,6,1735,157.7,0.0,0.5455,0.1818,手机端（Android）,好友推荐,7,摇滚
20230701629,南京,女,26-30,普通会员,15,8,2149,143.3,0.0,0.2,0.2,手机端（iOS）,好友推荐,7,说唱
20230701630,北京,女,18-22,普通会员,12,8,1870,155.8,0.0,0.25,0.0833,手机端（iOS）,系统推送,8,流行
20230701631,重庆,男,18-22,白银会员,22,10,3858,175.4,0.0,0.2727,0.2273,手机端（iOS）,主动搜索,9,流行
20230701632,西安,男,26-30,普通会员,8,5,1165,145.6,0.0,0.5,0.125,手机端（Android）,好友推荐,12,说唱
20230701633,重庆,男,30+,钻石会员,13,5,1856,142.8,0.0,0.4615,0.0,手机端（iOS）,主动搜索,8,流行
20230701634,深圳,男,18-22,普通会员,18,7,2907,161.5,0.0,0.2778,0.1111,手机端（iOS）,主动搜索,7,电子
20230701635,武汉,男,26-30,普通会员,20,9,3466,173.3,0.0,0.35,0.05,手机端（iOS）,系统推送,8,流行
20230701636,西安,男,18-22,普通会员,19,10,3200,168.4,0.0,0.3684,0.2632,手机端（iOS）,主动搜索,20,流行
20230701637,北京,女,26-30,普通会员,11,8,1634,148.5,0.0,0.4545,0.1818,手机端（iOS）,主动搜索,7,流行
20230701638,上海,男,18-22,普通会员,11,7,1936,176.0,0.0,0.3636,0.0909,手机端（iOS）,系统推送,8,流行
20230701639,西安,男,18-22,普通会员,11,6,1797,163.4,0.0,0.4545,0.0909,手机端（iOS）,系统推送,22,流行
20230701640,深圳,女,18-22,普通会员,19,9,3187,167.7,0.0,0.3684,0.2105,手机端（iOS）,系统推送,7,流行
20230701641,广州,女,18-22,普通会员,23,10,3925,170.7,0.0,0.3913,0.2609,手机端（iOS）,好友推荐,8,流行
20230701642,成都,女,26-30,普通会员,20,9,3180,159.0,0.0,0.3,0.35,手机端（iOS）,好友推荐,8,流行
20230701643,西安,男,18-22,普通会员,12,7,1952,162.7,0.0,0.25,0.4167,手机端（iOS）,主动搜索,12,流行
20230701644,广州,女,18-22,普通会员,22,10,3515,159.8,0.0,0.3636,0.2273,手机端（iOS）,主动搜索,20,流行
20230701645,武汉,男,23-25,普通会员,16,7,2728,170.5,0.0,0.4375,0.0625,手机端（Android）,系统推送,21,说唱
20230701646,南京,男,18-22,普通会员,19,8,3287,173.0,0.0,0.6316,0.1579,手机端（Android）,系统推送,7,流行
20230701647,成都,女,18-22,普通会员,17,9,2750,161.8,0.0,0.1176,0.1176,手机端（Android）,系统推送,21,流行
20230701648,重庆,女,23-25,普通会员,15,9,2371,158.1,0.0,0.4667,0.2,手机端（Android）,歌单播放,20,流行
20230701649,武汉,女,23-25,普通会员,12,8,1779,148.2,0.0,0.0,0.4167,手机端（iOS）,主动搜索,8,电子
20230701650,广州,女,23-25,黄金会员,14,9,2252,160.9,0.0,0.2143,0.1429,手机端（iOS）,主动搜索,7,流行
20230701651,北京,女,23-25,普通会员,20,10,3622,181.1,0.0,0.4,0.1,手机端（iOS）,系统推送,13,流行
20230701652,上海,男,23-25,白银会员,12,7,1774,147.8,0.0,0.25,0.1667,手机端（iOS）,系统推送,20,摇滚
20230701653,上海,男,18-22,普通会员,21,10,3112,148.2,0.0,0.2381,0.1905,手机端（iOS）,主动搜索,7,流行
20230701654,北京,男,18-22,普通会员,19,10,3395,178.7,0.0,0.3158,0.2105,手机端（Android）,好友推荐,7,流行
20230701655,成都,女,26-30,普通会员,24,11,4385,182.7,0.0,0.375,0.2917,手机端（iOS）,好友推荐,20,流行
20230701656,成都,男,30+,普通会员,17,9,3000,176.5,0.0,0.4706,0.1176,手机端（iOS）,主动搜索,21,流行
20230701657,广州,未知,18-22,白银会员,16,8,2565,160.3,0.0,0.1875,0.25,手机端（Android）,系统推送,12,流行
20230701658,杭州,女,23-25,普通会员,15,9,2678,178.5,0.0,0.2667,0.1333,手机端（iOS）,歌单播放,8,流行
20230701659,上海,未知,18-22,普通会员,14,7,2677,191.2,0.0,0.2857,0.2143,手机端（Android）,好友推荐,20,流行
20230701660,广州,男,18-22,普通会员,19,10,3221,169.5,0.0,0.3684,0.2105,手机端（iOS）,系统推送,20,流行
20230701661,上海,女,18-22,普通会员,18,7,2827,157.1,0.0,0.3889,0.1667,手机端（iOS）,系统推送,20,流行
20230701662,南京,男,18-22,普通会员,23,9,3646,158.5,0.0,0.2609,0.3043,手机端（Android）,系统推送,20,流行
20230701663,南京,男,23-25,普通会员,19,10,3450,181.6,0.0,0.4737,0.1579,手机端（Android）,歌单播放,7,流行
20230701664,上海,男,30+,普通会员,14,7,2228,159.1,0.0,0.3571,0.2143,手机端（Android）,歌单播放,7,流行
20230701665,重庆,女,23-25,普通会员,20,8,3181,159.0,0.0,0.25,0.25,手机端（Android）,系统推送,7,电子
20230701666,北京,男,23-25,普通会员,14,9,2272,162.3,0.0,0.5,0.2143,手机端（Android）,系统推送,9,流行
20230701667,上海,女,23-25,普通会员,14,6,2517,179.8,0.0,0.3571,0.1429,手机端（Android）,系统推送,7,流行
20230701668,成都,男,30+,普通会员,11,5,1989,180.8,0.0,0.4545,0.1818,手机端（Android）,歌单播放,8,流行
20230701669,武汉,男,18-22,黄金会员,19,9,3068,161.5,0.0,0.3684,0.1579,手机端（iOS）,系统推送,20,流行
20230701670,北京,女,26-30,白银会员,14,9,2504,178.9,0.0,0.3571,0.2857,手机端（Android）,主动搜索,7,流行
20230701671,深圳,男,18-22,普通会员,11,6,1947,177.0,0.0,0.0909,0.0909,手机端（Android）,系统推送,21,流行
20230701672,西安,女,18-22,普通会员,13,7,2163,166.4,0.0,0.3846,0.1538,手机端（iOS）,好友推荐,8,流行
20230701673,西安,男,18-22,普通会员,14,8,2657,189.8,0.0,0.4286,0.1429,手机端（iOS）,主动搜索,9,流行
20230701674,西安,男,18-22,普通会员,12,7,1922,160.2,0.0,0.3333,0.3333,手机端（iOS）,主动搜索,7,说唱
20230701675,成都,男,23-25,普通会员,18,9,2984,165.8,0.0,0.3889,0.2222,手机端（iOS）,系统推送,7,流行
20230701676,杭州,男,23-25,普通会员,22,10,3987,181.2,0.0,0.2727,0.2273,手机端（Android）,好友推荐,20,流行
20230701677,北京,男,23-25,普通会员,16,8,2836,177.2,0.0,0.5625,0.0625,手机端（Android）,主动搜索,20,流行
20230701678,上海,男,18-22,普通会员,21,9,3639,173.3,0.0,0.1429,0.0952,手机端（iOS）,好友推荐,7,流行
20230701679,成都,未知,18-22,普通会员,17,10,2804,164.9,0.0,0.2353,0.1765,手机端（Android）,主动搜索,20,流行
20230701680,广州,男,23-25,黄金会员,17,9,2970,174.7,0.0,0.3529,0.0588,手机端（Android）,好友推荐,9,流行
20230701681,武汉,未知,18-22,普通会员,13,9,2035,156.5,0.0,0.7692,0.3077,手机端（iOS）,歌单播放,8,流行
20230701682,成都,女,18-22,普通会员,20,10,3280,164.0,0.0,0.4,0.25,手机端（Android）,系统推送,8,流行
20230701683,广州,女,23-25,普通会员,15,9,2503,166.9,0.0,0.2,0.0,手机端（Android）,好友推荐,7,流行
20230701684,西安,男,18-22,普通会员,19,9,3316,174.5,0.0,0.3684,0.2105,手机端（Android）,系统推送,7,流行
20230701685,西安,女,23-25,普通会员,12,7,1900,158.3,0.0,0.25,0.3333,手机端（Android）,主动搜索,14,说唱
20230701686,西安,女,23-25,普通会员,11,7,1736,157.8,0.0,0.2727,0.2727,手机端（iOS）,主动搜索,13,流行
20230701687,深圳,男,30+,普通会员,20,9,3241,162.0,0.0,0.45,0.15,手机端（Android）,歌单播放,8,流行
20230701688,杭州,男,26-30,普通会员,18,9,3257,180.9,0.0,0.3333,0.1667,手机端（Android）,系统推送,20,流行
20230701689,杭州,女,26-30,普通会员,22,9,3427,155.8,0.0,0.3182,0.0909,手机端（iOS）,系统推送,7,流行
20230701690,南京,女,18-22,普通会员,21,9,3587,170.8,0.0,0.2857,0.1429,手机端（iOS）,主动搜索,7,流行
20230701691,北京,男,18-22,黄金会员,18,8,2867,159.3,0.0,0.3889,0.1667,手机端（iOS）,系统推送,7,流行
20230701692,武汉,女,18-22,普通会员,14,7,2590,185.0,0.0,0.1429,0.1429,手机端（iOS）,好友推荐,8,流行
20230701693,西安,未知,18-22,普通会员,14,8,2534,181.0,0.0,0.3571,0.2143,手机端（Android）,系统推送,7,说唱
20230701694,深圳,男,18-22,普通会员,21,11,3589,170.9,0.0,0.381,0.0476,手机端（Android）,系统推送,20,流行
20230701695,北京,女,18-22,普通会员,14,7,2420,172.9,0.0,0.2857,0.2143,手机端（iOS）,系统推送,20,流行
20230701696,北京,男,18-22,钻石会员,18,9,2755,153.1,0.0,0.3333,0.1111,手机端（iOS）,系统推送,9,流行
20230701697,杭州,男,18-22,普通会员,14,8,2154,153.9,0.0,0.3571,0.2143,手机端（Android）,主动搜索,8,流行
20230701698,北京,女,18-22,普通会员,24,10,4262,177.6,0.0,0.5417,0.1667,手机端（iOS）,好友推荐,8,流行
20230701699,成都,男,18-22,普通会员,16,9,2545,159.1,0.0,0.3125,0.0625,手机端（Android）,系统推送,9,流行
20230701700,深圳,女,30+,普通会员,20,9,3106,155.3,0.0,0.35,0.2,手机端（Android）,主动搜索,13,流行
20230701701,武汉,男,18-22,普通会员,16,10,2676,167.2,0.0,0.4375,0.125,手机端（iOS）,主动搜索,7,流行
20230701702,重庆,男,30+,白银会员,12,7,1831,152.6,0.0,0.3333,0.25,手机端（iOS）,系统推送,20,流行
20230701703,广州,男,23-25,普通会员,19,9,3564,187.6,0.0,0.3684,0.1053,手机端（iOS）,系统推送,7,流行
20230701704,上海,女,30+,普通会员,18,10,2880,160.0,0.0,0.1667,0.1667,手机端（Android）,主动搜索,20,流行
20230701705,上海,女,18-22,黄金会员,18,9,3441,191.2,0.0,0.2222,0.1667,手机端（iOS）,系统推送,20,流行
20230701706,武汉,女,18-22,普通会员,13,8,1879,144.5,0.0,0.2308,0.1538,手机端（iOS）,系统推送,7,流行
20230701707,上海,女,23-25,普通会员,12,9,2159,179.9,0.0,0.3333,0.1667,手机端（iOS）,主动搜索,7,流行
20230701708,深圳,男,18-22,普通会员,15,7,2539,169.3,0.0,0.4667,0.1333,手机端（Android）,系统推送,9,流行
20230701709,深圳,男,18-22,普通会员,10,7,1595,159.5,0.0,0.5,0.4,手机端（Android）,主动搜索,7,流行
20230701710,南京,男,18-22,白银会员,13,7,1925,148.1,0.0,0.0769,0.0769,手机端（iOS）,歌单播放,7,摇滚
20230701711,杭州,男,30+,普通会员,8,5,1612,201.5,0.0,0.5,0.25,手机端（Android）,系统推送,20,流行
20230701712,深圳,女,18-22,普通会员,13,5,2218,170.6,0.0,0.3077,0.3077,手机端（iOS）,主动搜索,7,流行
20230701713,西安,女,18-22,白银会员,13,8,2233,171.8,0.0,0.3077,0.0769,手机端（Android）,主动搜索,7,流行
20230701714,西安,女,18-22,普通会员,14,8,2286,163.3,0.0,0.2857,0.5,手机端（Android）,好友推荐,20,流行
20230701715,北京,男,26-30,普通会员,14,8,2038,145.6,0.0,0.6429,0.0,手机端（Android）,系统推送,7,流行
20230701716,成都,女,18-22,普通会员,19,9,3290,173.2,0.0,0.2105,0.1053,手机端（iOS）,主动搜索,8,流行
20230701717,杭州,男,18-22,黄金会员,11,6,1921,174.6,0.0,0.4545,0.2727,手机端（Android）,主动搜索,20,说唱
20230701718,杭州,未知,23-25,普通会员,14,6,2675,191.1,0.0,0.2143,0.1429,手机端（iOS）,主动搜索,7,流行
20230701719,深圳,女,23-25,普通会员,19,7,3295,173.4,0.0,0.3684,0.3158,手机端（iOS）,系统推送,9,流行
20230701720,广州,女,30+,普通会员,19,11,2886,151.9,0.0,0.3158,0.0,手机端（Android）,好友推荐,20,流行
20230701721,成都,女,26-30,普通会员,15,9,2424,161.6,0.0,0.4,0.2667,手机端（iOS）,好友推荐,9,流行
20230701722,西安,男,18-22,钻石会员,17,9,3036,178.6,0.0,0.4118,0.1176,手机端（Android）,系统推送,8,流行
20230701723,广州,女,18-22,白银会员,12,8,2180,181.7,0.0,0.0833,0.3333,手机端（Android）,主动搜索,13,流行
20230701724,成都,女,26-30,普通会员,14,9,2251,160.8,0.0,0.5,0.0714,手机端（iOS）,主动搜索,20,摇滚
20230701725,广州,女,18-22,普通会员,15,7,2448,163.2,0.0,0.5333,0.2,手机端（iOS）,歌单播放,8,流行
20230701726,杭州,男,23-25,白银会员,17,9,2662,156.6,0.0,0.4706,0.0588,手机端（iOS）,系统推送,20,流行
20230701727,成都,女,23-25,普通会员,9,7,1417,157.4,0.0,0.5556,0.0,手机端（Android）,主动搜索,8,流行
20230701728,南京,男,18-22,普通会员,17,9,2721,160.1,0.0,0.3529,0.1176,手机端（Android）,好友推荐,20,流行
20230701729,广州,女,18-22,普通会员,14,7,2209,157.8,0.0,0.4286,0.0714,手机端（iOS）,歌单播放,7,流行
20230701730,成都,女,23-25,普通会员,15,7,2190,146.0,0.0,0.4,0.0667,手机端（Android）,主动搜索,7,流行
20230701731,北京,男,23-25,普通会员,16,8,2767,172.9,0.0,0.5,0.0625,手机端（Android）,系统推送,13,流行
20230701732,成都,女,18-22,普通会员,15,9,2706,180.4,0.0,0.2667,0.0667,手机端（iOS）,好友推荐,20,流行
20230701733,武汉,女,23-25,普通会员,17,10,2822,166.0,0.0,0.1765,0.0588,手机端（iOS）,系统推送,7,流行
20230701734,武汉,男,23-25,普通会员,18,8,3142,174.6,0.0,0.3889,0.1667,手机端（iOS）,主动搜索,20,电子
20230701735,南京,女,18-22,普通会员,15,10,2497,166.5,0.0,0.4,0.2667,手机端（iOS）,系统推送,7,流行
20230701736,重庆,女,23-25,普通会员,19,8,3488,183.6,0.0,0.5263,0.2105,手机端（iOS）,好友推荐,7,摇滚
20230701737,杭州,男,18-22,普通会员,14,9,2386,170.4,0.0,0.2857,0.3571,手机端（iOS）,好友推荐,7,流行
20230701738,南京,男,30+,普通会员,15,8,2699,179.9,0.0,0.3333,0.1333,手机端（iOS）,好友推荐,7,流行
20230701739,深圳,男,26-30,普通会员,15,7,2328,155.2,0.0,0.0667,0.1333,手机端（Android）,系统推送,9,流行
20230701740,杭州,男,23-25,普通会员,20,11,3003,150.2,0.0,0.4,0.2,手机端（Android）,主动搜索,8,流行
20230701741,重庆,男,26-30,普通会员,15,8,2526,168.4,0.0,0.2667,0.2,手机端（iOS）,主动搜索,8,流行
20230701742,南京,女,18-22,普通会员,23,10,3958,172.1,0.0,0.2609,0.3043,手机端（iOS）,主动搜索,20,流行
20230701743,成都,女,18-22,普通会员,11,7,2132,193.8,0.0,0.3636,0.0909,手机端（iOS）,系统推送,8,流行
20230701744,北京,男,18-22,普通会员,16,8,2574,160.9,0.0,0.4375,0.25,手机端（Android）,系统推送,8,流行
20230701745,深圳,男,18-22,普通会员,15,7,2324,154.9,0.0,0.4667,0.2,手机端（Android）,主动搜索,8,流行
20230701746,南京,未知,18-22,普通会员,14,10,2566,183.3,0.0,0.2857,0.1429,手机端（iOS）,好友推荐,9,流行
20230701747,重庆,女,18-22,普通会员,14,9,2596,185.4,0.0,0.3571,0.1429,手机端（Android）,好友推荐,7,流行
20230701748,重庆,女,26-30,普通会员,18,9,2886,160.3,0.0,0.5556,0.1667,手机端（iOS）,系统推送,7,流行
20230701749,北京,女,30+,白银会员,17,9,2817,165.7,0.0,0.4118,0.0588,手机端（iOS）,系统推送,14,流行
20230701750,深圳,男,18-22,普通会员,12,7,1924,160.3,0.0,0.1667,0.25,手机端（iOS）,系统推送,6,说唱
20230701751,重庆,女,23-25,普通会员,12,8,2242,186.8,0.0,0.4167,0.1667,手机端（Android）,主动搜索,20,流行
20230701752,南京,男,26-30,普通会员,18,9,3233,179.6,0.0,0.3333,0.1667,手机端（Android）,好友推荐,8,流行
20230701753,成都,未知,18-22,普通会员,13,8,2066,158.9,0.0,0.1538,0.3077,手机端（Android）,系统推送,8,流行
20230701754,广州,女,18-22,普通会员,16,8,2819,176.2,0.0,0.25,0.1875,手机端（iOS）,系统推送,7,说唱
20230701755,武汉,女,23-25,普通会员,14,7,2631,187.9,0.0,0.2857,0.1429,手机端（Android）,好友推荐,7,摇滚
20230701756,重庆,女,23-25,普通会员,21,10,3438,163.7,0.0,0.2857,0.1905,手机端（Android）,主动搜索,7,流行
20230701757,成都,女,26-30,普通会员,20,8,3281,164.0,0.0,0.15,0.15,手机端（Android）,好友推荐,7,流行
20230701758,成都,女,26-30,普通会员,10,6,1860,186.0,0.0,0.3,0.3,手机端（iOS）,主动搜索,7,流行
20230701759,杭州,女,18-22,白银会员,20,9,3143,157.2,0.0,0.4,0.2,手机端（Android）,主动搜索,8,摇滚
20230701760,上海,男,18-22,普通会员,19,8,3369,177.3,0.0,0.3684,0.2105,手机端（iOS）,系统推送,8,说唱
20230701761,西安,男,18-22,普通会员,13,6,2441,187.8,0.0,0.2308,0.2308,手机端（iOS）,好友推荐,22,说唱
20230701762,成都,女,23-25,普通会员,19,10,3021,159.0,0.0,0.3158,0.1579,手机端（Android）,好友推荐,7,摇滚
20230701763,深圳,女,23-25,普通会员,15,6,2519,167.9,0.0,0.4667,0.0667,手机端（iOS）,系统推送,8,流行
20230701764,深圳,女,23-25,普通会员,19,11,2942,154.8,0.0,0.4211,0.1579,手机端（iOS）,系统推送,9,流行
20230701765,南京,男,18-22,黄金会员,22,11,3824,173.8,0.0,0.3636,0.2273,手机端（Android）,主动搜索,8,流行
20230701766,北京,女,18-22,普通会员,12,6,2251,187.6,0.0,0.5,0.3333,手机端（Android）,好友推荐,9,流行
20230701767,杭州,女,30+,普通会员,13,10,2228,171.4,0.0,0.3077,0.1538,手机端（iOS）,主动搜索,21,电子
20230701768,杭州,男,18-22,普通会员,16,8,2517,157.3,0.0,0.5,0.0625,手机端（iOS）,系统推送,7,流行
20230701769,深圳,女,23-25,普通会员,16,10,2362,147.6,0.0,0.3125,0.125,手机端（Android）,好友推荐,8,流行
20230701770,杭州,男,23-25,普通会员,16,8,2759,172.4,0.0,0.1875,0.25,手机端（Android）,好友推荐,20,流行
20230701771,深圳,女,30+,普通会员,16,7,2478,154.9,0.0,0.375,0.0625,手机端（iOS）,系统推送,7,流行
20230701772,重庆,未知,18-22,普通会员,16,9,2494,155.9,0.0,0.3125,0.0625,手机端（iOS）,主动搜索,7,流行
20230701773,武汉,男,30+,普通会员,16,8,2762,172.6,0.0,0.25,0.125,手机端（iOS）,系统推送,7,流行
20230701774,南京,男,18-22,普通会员,24,11,4628,192.8,0.0,0.3333,0.125,手机端（Android）,系统推送,20,流行
20230701775,深圳,男,18-22,普通会员,13,10,2347,180.5,0.0,0.4615,0.0769,手机端（Android）,好友推荐,7,流行
20230701776,北京,男,26-30,普通会员,14,8,2159,154.2,0.0,0.4286,0.0714,手机端（iOS）,系统推送,7,摇滚
20230701777,杭州,女,18-22,普通会员,7,5,1250,178.6,0.0,0.2857,0.0,手机端（iOS）,歌单播放,20,流行
20230701778,成都,男,18-22,普通会员,13,6,2300,176.9,0.0,0.4615,0.3846,手机端（iOS）,系统推送,13,流行
20230701779,成都,男,18-22,普通会员,13,9,2031,156.2,0.0,0.3846,0.1538,手机端（iOS）,系统推送,21,流行
20230701780,南京,男,18-22,普通会员,7,5,1010,144.3,0.0,0.7143,0.0,手机端（iOS）,主动搜索,7,流行
20230701781,北京,女,18-22,普通会员,23,10,3907,169.9,0.0,0.2609,0.0435,手机端（Android）,主动搜索,8,流行
20230701782,深圳,女,23-25,普通会员,11,9,1788,162.5,0.0,0.2727,0.0909,手机端（Android）,好友推荐,13,流行
20230701783,上海,男,18-22,白银会员,11,7,1721,156.5,0.0,0.2727,0.1818,手机端（Android）,好友推荐,20,流行
20230701784,西安,男,18-22,普通会员,16,8,2775,173.4,0.0,0.25,0.375,手机端（iOS）,主动搜索,20,电子
20230701785,深圳,女,18-22,普通会员,19,10,3047,160.4,0.0,0.3684,0.1579,手机端（iOS）,主动搜索,8,流行
20230701786,杭州,男,18-22,普通会员,13,7,2265,174.2,0.0,0.3077,0.0769,手机端（iOS）,系统推送,20,流行
20230701787,上海,男,23-25,白银会员,10,6,1632,163.2,0.0,0.3,0.2,手机端（Android）,系统推送,7,电子
20230701788,西安,男,23-25,白银会员,11,8,1876,170.5,0.0,0.3636,0.0909,手机端（iOS）,系统推送,20,说唱
20230701789,上海,男,18-22,普通会员,14,9,2456,175.4,0.0,0.2857,0.2143,手机端（iOS）,系统推送,20,流行
20230701790,武汉,男,18-22,普通会员,14,7,2306,164.7,0.0,0.4286,0.3571,手机端（Android）,系统推送,7,流行
20230701791,西安,未知,18-22,白银会员,7,7,1036,148.0,0.0,0.2857,0.1429,手机端（iOS）,主动搜索,8,流行
20230701792,重庆,男,18-22,钻石会员,17,9,2386,140.4,0.0,0.3529,0.1765,手机端（Android）,主动搜索,8,流行
20230701793,西安,男,18-22,普通会员,23,11,4156,180.7,0.0,0.3043,0.1739,手机端（iOS）,系统推送,20,流行
20230701794,西安,男,18-22,普通会员,8,7,1516,189.5,0.0,0.25,0.25,手机端（Android）,主动搜索,8,流行
20230701795,重庆,女,23-25,普通会员,18,9,2704,150.2,0.0,0.2222,0.2222,手机端（iOS）,主动搜索,20,电子
20230701796,武汉,女,18-22,黄金会员,14,9,2319,165.6,0.0,0.5,0.1429,手机端（Android）,主动搜索,21,流行
20230701797,西安,男,18-22,普通会员,19,9,3496,184.0,0.0,0.3684,0.2632,手机端（iOS）,系统推送,20,流行
20230701798,成都,女,18-22,普通会员,14,10,2022,144.4,0.0,0.2857,0.0714,手机端（Android）,系统推送,7,流行
20230701799,西安,男,18-22,普通会员,16,9,2799,174.9,0.0,0.25,0.125,手机端（iOS）,好友推荐,20,流行
20230701800,深圳,男,23-25,普通会员,20,9,2975,148.8,0.0,0.3,0.1,手机端（Android）,系统推送,20,流行
20230701801,成都,女,18-22,白银会员,22,10,3747,170.3,0.0,0.5455,0.0909,手机端（Android）,好友推荐,20,流行
20230701802,武汉,女,30+,钻石会员,14,9,2200,157.1,0.0,0.1429,0.2143,手机端（iOS）,系统推送,9,流行
20230701803,广州,男,18-22,普通会员,16,7,2579,161.2,0.0,0.5,0.125,手机端（iOS）,系统推送,9,摇滚
20230701804,重庆,男,23-25,普通会员,16,10,2538,158.6,0.0,0.375,0.0,手机端（iOS）,好友推荐,7,流行
20230701805,北京,男,18-22,钻石会员,17,8,2863,168.4,0.0,0.2353,0.2353,手机端（Android）,系统推送,20,流行
20230701806,武汉,男,23-25,普通会员,19,10,3393,178.6,0.0,0.2632,0.2632,手机端（iOS）,系统推送,7,流行
20230701807,西安,男,18-22,普通会员,14,9,2572,183.7,0.0,0.4286,0.4286,手机端（iOS）,系统推送,7,流行
20230701808,西安,女,18-22,普通会员,18,8,2980,165.6,0.0,0.2778,0.1111,手机端（iOS）,主动搜索,20,流行
20230701809,武汉,未知,18-22,普通会员,14,8,2322,165.9,0.0,0.1429,0.2857,手机端（iOS）,系统推送,8,流行
20230701810,北京,女,18-22,普通会员,9,7,1630,181.1,0.0,0.1111,0.2222,手机端（Android）,好友推荐,20,说唱
20230701811,广州,男,23-25,普通会员,11,7,1725,156.8,0.0,0.2727,0.1818,手机端（iOS）,系统推送,20,流行
20230701812,深圳,男,23-25,普通会员,16,8,2806,175.4,0.0,0.1875,0.125,手机端（Android）,主动搜索,20,摇滚
20230701813,上海,男,18-22,普通会员,17,9,3082,181.3,0.0,0.2941,0.1765,手机端（iOS）,系统推送,7,流行
20230701814,杭州,男,26-30,黄金会员,13,8,2420,186.2,0.0,0.3077,0.3846,手机端（Android）,系统推送,12,流行
20230701815,深圳,男,18-22,普通会员,16,8,2749,171.8,0.0,0.25,0.3125,手机端（Android）,主动搜索,8,流行
20230701816,武汉,男,26-30,普通会员,16,7,2976,186.0,0.0,0.0625,0.3125,手机端（iOS）,系统推送,20,流行
20230701817,广州,女,18-22,普通会员,11,9,1924,174.9,0.0,0.2727,0.0909,手机端（iOS）,系统推送,22,流行
20230701818,成都,男,23-25,普通会员,15,9,2451,163.4,0.0,0.4,0.2,手机端（Android）,系统推送,20,流行
20230701819,上海,男,18-22,普通会员,11,8,1810,164.5,0.0,0.2727,0.0909,手机端（iOS）,系统推送,20,流行
20230701820,深圳,男,18-22,普通会员,10,9,1679,167.9,0.0,0.3,0.1,手机端（iOS）,主动搜索,20,流行
20230701821,深圳,男,18-22,普通会员,14,8,2410,172.1,0.0,0.1429,0.2143,手机端（Android）,系统推送,21,电子
20230701822,杭州,未知,18-22,普通会员,18,8,3002,166.8,0.0,0.2222,0.1111,手机端（iOS）,系统推送,12,流行
20230701823,深圳,女,18-22,普通会员,15,7,2391,159.4,0.0,0.3333,0.2667,手机端（iOS）,系统推送,8,流行
20230701824,深圳,男,18-22,普通会员,10,6,1984,198.4,0.0,0.3,0.5,手机端（Android）,好友推荐,8,流行
20230701825,重庆,女,23-25,白银会员,21,9,3081,146.7,0.0,0.381,0.1905,手机端（iOS）,系统推送,8,流行
20230701826,杭州,女,18-22,普通会员,16,8,3119,194.9,0.0,0.25,0.125,手机端（iOS）,好友推荐,9,流行
20230701827,北京,女,23-25,普通会员,15,7,2775,185.0,0.0,0.2667,0.0667,手机端（Android）,系统推送,12,流行
20230701828,上海,男,26-30,普通会员,9,7,1525,169.4,0.0,0.3333,0.1111,手机端（Android）,主动搜索,7,说唱
20230701829,重庆,女,23-25,普通会员,16,7,2964,185.2,0.0,0.3125,0.1875,手机端（iOS）,好友推荐,7,电子
20230701830,上海,男,23-25,普通会员,17,7,2897,170.4,0.0,0.4706,0.2941,手机端（iOS）,系统推送,8,流行
20230701831,武汉,女,18-22,普通会员,13,7,2258,173.7,0.0,0.3077,0.1538,手机端（iOS）,主动搜索,20,流行
20230701832,武汉,男,30+,普通会员,15,9,2704,180.3,0.0,0.3333,0.1333,手机端（Android）,系统推送,9,流行
20230701833,广州,女,18-22,普通会员,18,10,2832,157.3,0.0,0.4444,0.1667,手机端（iOS）,好友推荐,8,流行
20230701834,广州,女,23-25,普通会员,16,9,2790,174.4,0.0,0.125,0.25,手机端（iOS）,歌单播放,7,流行
20230701835,杭州,男,18-22,普通会员,18,9,2966,164.8,0.0,0.3889,0.1111,手机端（Android）,系统推送,7,流行
20230701836,西安,男,18-22,普通会员,20,9,3547,177.4,0.0,0.3,0.3,手机端（iOS）,主动搜索,7,流行
20230701837,深圳,女,18-22,普通会员,16,7,2854,178.4,0.0,0.1875,0.25,手机端（Android）,好友推荐,8,流行
20230701838,重庆,男,18-22,普通会员,13,9,2000,153.8,0.0,0.4615,0.0769,手机端（iOS）,好友推荐,20,流行
20230701839,广州,未知,26-30,黄金会员,17,8,2891,170.1,0.0,0.4706,0.2941,手机端（iOS）,主动搜索,20,流行
20230701840,南京,女,18-22,普通会员,15,8,2533,168.9,0.0,0.2667,0.2,手机端（iOS）,好友推荐,20,流行
20230701841,广州,男,18-22,普通会员,13,8,2247,172.8,0.0,0.3846,0.0769,手机端（iOS）,好友推荐,7,流行
20230701842,上海,女,23-25,普通会员,15,9,2432,162.1,0.0,0.2667,0.3333,手机端（iOS）,好友推荐,7,流行
20230701843,南京,女,23-25,普通会员,23,11,3803,165.3,0.0,0.4783,0.2174,手机端（iOS）,好友推荐,8,流行
20230701844,南京,未知,23-25,白银会员,20,9,3015,150.8,0.0,0.4,0.1,手机端（iOS）,系统推送,20,流行
20230701845,上海,女,18-22,普通会员,13,6,2478,190.6,0.0,0.5385,0.1538,手机端（Android）,主动搜索,20,摇滚
20230701846,重庆,未知,30+,普通会员,16,9,2626,164.1,0.0,0.25,0.0625,手机端（iOS）,系统推送,8,流行
20230701847,西安,男,18-22,普通会员,21,10,3579,170.4,0.0,0.1905,0.0952,手机端（iOS）,主动搜索,7,流行
20230701848,杭州,男,18-22,普通会员,14,9,1985,141.8,0.0,0.2857,0.4286,手机端（iOS）,系统推送,20,流行
20230701849,广州,女,18-22,普通会员,10,6,1443,144.3,0.0,0.5,0.2,手机端（Android）,好友推荐,13,说唱
20230701850,上海,男,23-25,钻石会员,13,8,2409,185.3,0.0,0.3846,0.1538,手机端（iOS）,系统推送,14,流行
20230701851,武汉,女,23-25,普通会员,23,9,4296,186.8,0.0,0.4348,0.2174,手机端（Android）,系统推送,9,流行
20230701852,西安,男,23-25,普通会员,19,9,3246,170.8,0.0,0.3684,0.1579,手机端（iOS）,系统推送,8,流行
20230701853,武汉,女,18-22,钻石会员,14,8,2792,199.4,0.0,0.5714,0.0714,手机端（iOS）,系统推送,7,流行
20230701854,广州,男,18-22,普通会员,20,10,2985,149.2,0.0,0.45,0.25,手机端（Android）,主动搜索,7,流行
20230701855,西安,男,18-22,普通会员,7,5,1114,159.1,0.0,0.2857,0.1429,手机端（Android）,歌单播放,14,流行
20230701856,成都,女,18-22,白银会员,15,7,2776,185.1,0.0,0.5333,0.1333,手机端（iOS）,系统推送,20,流行
20230701857,重庆,女,18-22,普通会员,16,9,3098,193.6,0.0,0.5,0.125,手机端（iOS）,主动搜索,9,流行
20230701858,广州,男,26-30,白银会员,11,7,1941,176.5,0.0,0.5455,0.0,手机端（iOS）,系统推送,22,摇滚
20230701859,广州,男,18-22,普通会员,14,7,2533,180.9,0.0,0.5,0.1429,手机端（iOS）,主动搜索,9,摇滚
20230701860,成都,男,30+,白银会员,21,9,3488,166.1,0.0,0.2857,0.1905,手机端（Android）,系统推送,7,流行
20230701861,重庆,女,23-25,黄金会员,13,6,2368,182.2,0.0,0.2308,0.2308,手机端（iOS）,主动搜索,8,说唱
20230701862,杭州,未知,18-22,钻石会员,21,10,3233,154.0,0.0,0.381,0.1429,手机端（iOS）,系统推送,21,流行
20230701863,武汉,男,18-22,普通会员,14,8,2543,181.6,0.0,0.1429,0.1429,手机端（Android）,系统推送,13,说唱
20230701864,广州,男,18-22,普通会员,7,4,1051,150.1,0.0,0.1429,0.2857,手机端（Android）,系统推送,14,说唱
20230701865,武汉,女,30+,白银会员,19,9,3279,172.6,0.0,0.2632,0.1579,手机端（Android）,系统推送,7,流行
20230701866,深圳,男,26-30,普通会员,13,8,2354,181.1,0.0,0.3077,0.2308,手机端（iOS）,主动搜索,7,流行
20230701867,西安,男,30+,普通会员,18,9,3423,190.2,0.0,0.3333,0.2778,手机端（iOS）,主动搜索,20,摇滚
20230701868,南京,男,23-25,普通会员,8,4,1335,166.9,0.0,0.125,0.25,手机端（Android）,主动搜索,7,流行
20230701869,北京,女,18-22,普通会员,13,10,2357,181.3,0.0,0.4615,0.3077,手机端（Android）,好友推荐,8,流行
20230701870,成都,女,23-25,白银会员,13,7,1996,153.5,0.0,0.3077,0.2308,手机端（iOS）,系统推送,7,流行
20230701871,南京,男,18-22,普通会员,12,7,2056,171.3,0.0,0.5,0.25,PC端,系统推送,20,流行
20230701872,北京,女,23-25,普通会员,25,10,3983,159.3,0.0,0.44,0.2,手机端（Android）,系统推送,7,流行
20230701873,成都,男,18-22,普通会员,14,9,2563,183.1,0.0,0.4286,0.0,手机端（Android）,系统推送,8,流行
20230701874,北京,女,23-25,普通会员,12,8,1969,164.1,0.0,0.4167,0.1667,手机端（Android）,主动搜索,7,流行
20230701875,杭州,男,18-22,白银会员,17,11,2883,169.6,0.0,0.2353,0.1765,手机端（Android）,主动搜索,7,流行
20230701876,武汉,女,23-25,黄金会员,22,8,3833,174.2,0.0,0.4545,0.1818,手机端（iOS）,系统推送,20,流行
20230701877,上海,女,23-25,普通会员,12,8,1852,154.3,0.0,0.5833,0.5833,手机端（Android）,主动搜索,13,说唱
20230701878,深圳,男,18-22,普通会员,11,8,1844,167.6,0.0,0.2727,0.0909,手机端（Android）,系统推送,8,流行
20230701879,上海,男,30+,普通会员,19,9,2879,151.5,0.0,0.4211,0.2105,手机端（iOS）,系统推送,20,流行
20230701880,北京,男,23-25,普通会员,19,9,3438,180.9,0.0,0.3684,0.4211,手机端（Android）,好友推荐,7,流行
20230701881,北京,女,18-22,普通会员,15,8,2594,172.9,0.0,0.4667,0.0667,手机端（iOS）,系统推送,7,摇滚
20230701882,重庆,女,18-22,普通会员,18,7,3245,180.3,0.0,0.1111,0.1667,手机端（Android）,系统推送,7,摇滚
20230701883,成都,女,18-22,普通会员,13,7,1981,152.4,0.0,0.2308,0.3846,手机端（Android）,系统推送,7,说唱
20230701884,武汉,男,18-22,普通会员,15,7,2553,170.2,0.0,0.5333,0.2667,手机端（iOS）,主动搜索,7,流行
20230701885,上海,女,18-22,普通会员,15,9,2800,186.7,0.0,0.2,0.0667,手机端（Android）,系统推送,8,说唱
20230701886,南京,女,18-22,普通会员,13,8,2257,173.6,0.0,0.2308,0.2308,手机端（iOS）,系统推送,8,流行
20230701887,成都,女,18-22,普通会员,14,9,2224,158.9,0.0,0.4286,0.2143,手机端（Android）,系统推送,20,电子
20230701888,西安,男,30+,普通会员,13,6,2472,190.2,0.0,0.2308,0.0769,手机端（Android）,主动搜索,20,流行
20230701889,深圳,女,23-25,普通会员,14,10,2353,168.1,0.0,0.4286,0.2143,手机端（iOS）,系统推送,14,流行
20230701890,武汉,男,18-22,白银会员,8,4,1369,171.1,0.0,0.5,0.0,手机端（Android）,主动搜索,8,流行
20230701891,北京,男,18-22,普通会员,11,7,1524,138.5,0.0,0.4545,0.0,手机端（iOS）,好友推荐,8,流行
20230701892,广州,女,23-25,普通会员,15,9,2395,159.7,0.0,0.3333,0.0667,手机端（Android）,好友推荐,9,流行
20230701893,广州,男,18-22,普通会员,10,9,1327,132.7,0.0,0.5,0.5,手机端（Android）,主动搜索,9,流行
20230701894,南京,未知,18-22,普通会员,21,10,3182,151.5,0.0,0.381,0.1905,手机端（iOS）,好友推荐,20,流行
20230701895,深圳,男,23-25,普通会员,14,10,2076,148.3,0.0,0.1429,0.0714,手机端（Android）,系统推送,7,流行
20230701896,深圳,未知,18-22,普通会员,23,9,4195,182.4,0.0,0.2609,0.1304,手机端（Android）,好友推荐,7,流行
20230701897,广州,未知,18-22,普通会员,11,6,1799,163.5,0.0,0.2727,0.0909,手机端（iOS）,系统推送,12,流行
20230701898,北京,女,26-30,普通会员,20,10,3187,159.4,0.0,0.35,0.2,手机端（Android）,主动搜索,14,流行
20230701899,北京,女,18-22,普通会员,15,9,2183,145.5,0.0,0.2667,0.1333,手机端（iOS）,系统推送,9,流行
20230701900,武汉,男,18-22,普通会员,19,9,2835,149.2,0.0,0.2632,0.0526,手机端（iOS）,好友推荐,7,电子
20230701901,北京,女,18-22,白银会员,16,8,2735,170.9,0.0,0.5,0.1875,手机端（iOS）,好友推荐,7,流行
20230701902,上海,女,18-22,普通会员,15,9,2506,167.1,0.0,0.2,0.0667,手机端（iOS）,好友推荐,9,流行
20230701903,深圳,女,18-22,普通会员,15,9,2362,157.5,0.0,0.4667,0.0667,手机端（iOS）,主动搜索,7,流行
20230701904,重庆,男,18-22,白银会员,9,8,1747,194.1,0.0,0.4444,0.1111,PC端,系统推送,12,流行
20230701905,深圳,女,23-25,普通会员,8,5,1307,163.4,0.0,0.5,0.5,手机端（Android）,主动搜索,8,流行
20230701906,重庆,女,23-25,普通会员,20,9,2968,148.4,0.0,0.3,0.1,手机端（Android）,好友推荐,9,流行
20230701907,杭州,女,23-25,普通会员,17,9,2687,158.1,0.0,0.2941,0.2353,手机端（iOS）,歌单播放,7,流行
20230701908,西安,男,18-22,普通会员,18,9,2942,163.4,0.0,0.6111,0.1667,手机端（Android）,系统推送,8,流行
20230701909,北京,女,18-22,普通会员,17,8,2703,159.0,0.0,0.4706,0.1176,手机端（Android）,系统推送,9,流行
20230701910,成都,男,18-22,普通会员,17,8,2819,165.8,0.0,0.5294,0.1765,手机端（iOS）,系统推送,22,流行
20230701911,南京,女,18-22,普通会员,17,8,2828,166.4,0.0,0.2353,0.2941,手机端（Android）,系统推送,7,流行
20230701912,成都,男,18-22,普通会员,13,7,2420,186.2,0.0,0.3846,0.1538,手机端（Android）,好友推荐,20,流行
20230701913,杭州,女,30+,普通会员,16,8,2629,164.3,0.0,0.1875,0.1875,手机端（iOS）,系统推送,7,流行
20230701914,西安,男,23-25,普通会员,18,8,2865,159.2,0.0,0.5556,0.1667,手机端（Android）,主动搜索,21,说唱
20230701915,成都,男,30+,普通会员,12,8,2172,181.0,0.0,0.0833,0.25,手机端（Android）,主动搜索,8,摇滚
20230701916,重庆,男,18-22,白银会员,13,9,2226,171.2,0.0,0.3077,0.2308,手机端（Android）,主动搜索,8,流行
20230701917,上海,女,18-22,普通会员,17,10,3286,193.3,0.0,0.1765,0.1176,手机端（iOS）,主动搜索,20,流行
20230701918,北京,男,18-22,白银会员,25,11,4303,172.1,0.0,0.36,0.16,手机端（iOS）,系统推送,8,流行
20230701919,重庆,男,23-25,白银会员,17,10,2520,148.2,0.0,0.2941,0.2941,手机端（Android）,主动搜索,9,流行
20230701920,深圳,男,18-22,普通会员,16,10,2844,177.8,0.0,0.375,0.125,手机端（iOS）,系统推送,7,流行
20230701921,成都,男,18-22,普通会员,15,7,2398,159.9,0.0,0.5333,0.1333,手机端（Android）,系统推送,8,摇滚
20230701922,西安,未知,18-22,普通会员,12,6,2211,184.2,0.0,0.4167,0.1667,手机端（iOS）,系统推送,20,流行
20230701923,北京,男,30+,普通会员,5,3,888,177.6,0.0,0.2,0.2,手机端（iOS）,系统推送,13,摇滚
20230701924,南京,女,18-22,普通会员,18,10,3033,168.5,0.0,0.3889,0.1667,手机端（Android）,系统推送,7,流行
20230701925,杭州,男,26-30,白银会员,11,8,2044,185.8,0.0,0.4545,0.4545,平板端,系统推送,22,流行
20230701926,杭州,男,18-22,普通会员,13,6,1857,142.8,0.0,0.6923,0.2308,手机端（Android）,系统推送,8,流行
20230701927,北京,女,18-22,黄金会员,16,10,2624,164.0,0.0,0.4375,0.375,手机端（iOS）,主动搜索,7,流行
20230701928,南京,女,18-22,普通会员,21,9,3476,165.5,0.0,0.2381,0.1429,手机端（Android）,系统推送,20,流行
20230701929,武汉,男,18-22,普通会员,19,7,3381,177.9,0.0,0.5263,0.2105,手机端（iOS）,好友推荐,8,流行
20230701930,杭州,男,18-22,普通会员,14,9,2194,156.7,0.0,0.0714,0.0714,手机端（iOS）,系统推送,8,流行
20230701931,西安,未知,26-30,普通会员,10,7,1372,137.2,0.0,0.3,0.2,手机端（iOS）,主动搜索,21,流行
20230701932,武汉,男,26-30,普通会员,14,8,2278,162.7,0.0,0.2857,0.3571,手机端（iOS）,主动搜索,8,电子
20230701933,成都,男,18-22,普通会员,18,10,2964,164.7,0.0,0.3333,0.1667,手机端（iOS）,系统推送,8,流行
20230701934,南京,女,18-22,普通会员,12,8,1871,155.9,0.0,0.25,0.3333,手机端（Android）,主动搜索,7,说唱
20230701935,上海,女,18-22,普通会员,13,8,2076,159.7,0.0,0.3846,0.3077,手机端（Android）,好友推荐,8,摇滚
20230701936,北京,男,23-25,普通会员,17,6,3080,181.2,0.0,0.3529,0.1176,手机端（iOS）,系统推送,8,流行
20230701937,重庆,女,23-25,普通会员,14,6,2302,164.4,0.0,0.3571,0.0714,手机端（iOS）,主动搜索,7,流行
20230701938,深圳,女,18-22,普通会员,12,6,1708,142.3,0.0,0.5,0.0833,手机端（Android）,好友推荐,8,流行
20230701939,西安,男,18-22,普通会员,26,10,3833,147.4,0.0,0.1923,0.1154,手机端（iOS）,系统推送,20,流行
20230701940,武汉,女,18-22,普通会员,15,10,2909,193.9,0.0,0.2667,0.1333,手机端（iOS）,主动搜索,12,流行
20230701941,西安,女,23-25,普通会员,18,10,3026,168.1,0.0,0.2778,0.1667,手机端（iOS）,主动搜索,20,流行
20230701942,西安,女,26-30,普通会员,12,7,1730,144.2,0.0,0.25,0.0833,手机端（iOS）,系统推送,8,流行
20230701943,武汉,未知,26-30,白银会员,19,11,2862,150.6,0.0,0.2632,0.2632,手机端（Android）,系统推送,7,流行
20230701944,北京,男,18-22,普通会员,18,9,2921,162.3,0.0,0.2778,0.3889,手机端（iOS）,主动搜索,12,流行
20230701945,深圳,男,23-25,钻石会员,6,5,964,160.7,0.0,0.3333,0.1667,手机端（iOS）,系统推送,22,摇滚
20230701946,北京,女,18-22,黄金会员,15,9,2623,174.9,0.0,0.5333,0.2,手机端（iOS）,好友推荐,7,流行
20230701947,成都,女,18-22,普通会员,14,8,2116,151.1,0.0,0.4286,0.2857,手机端（iOS）,主动搜索,7,流行
20230701948,深圳,男,30+,白银会员,18,7,2513,139.6,0.0,0.2778,0.1667,手机端（iOS）,好友推荐,20,流行
20230701949,北京,女,23-25,普通会员,21,10,3408,162.3,0.0,0.4286,0.1905,手机端（Android）,主动搜索,20,流行
20230701950,武汉,男,18-22,普通会员,15,9,2735,182.3,0.0,0.1333,0.3333,手机端（iOS）,好友推荐,20,摇滚
20230701951,杭州,女,18-22,普通会员,16,8,2699,168.7,0.0,0.5625,0.25,手机端（Android）,主动搜索,12,流行
20230701952,广州,男,23-25,普通会员,14,8,2407,171.9,0.0,0.3571,0.4286,手机端（iOS）,主动搜索,20,电子
20230701953,重庆,男,23-25,普通会员,20,8,3548,177.4,0.0,0.45,0.3,手机端（iOS）,系统推送,8,流行
20230701954,武汉,女,18-22,普通会员,13,9,2616,201.2,0.0,0.3077,0.0,手机端（iOS）,系统推送,13,流行
20230701955,成都,女,18-22,普通会员,16,7,2373,148.3,0.0,0.4375,0.0625,手机端（Android）,好友推荐,8,流行
20230701956,南京,未知,18-22,普通会员,19,10,2852,150.1,0.0,0.3684,0.3158,手机端（Android）,系统推送,12,流行
20230701957,广州,女,30+,普通会员,15,9,2493,166.2,0.0,0.4667,0.2,手机端（Android）,系统推送,22,流行
20230701958,上海,女,30+,普通会员,11,6,1910,173.6,0.0,0.2727,0.1818,手机端（Android）,主动搜索,7,流行
20230701959,重庆,女,26-30,普通会员,16,10,2485,155.3,0.0,0.3125,0.375,手机端（Android）,主动搜索,7,流行
20230701960,广州,女,18-22,普通会员,18,9,2928,162.7,0.0,0.1667,0.0556,手机端（Android）,系统推送,7,流行
20230701961,成都,女,26-30,普通会员,22,11,3404,154.7,0.0,0.4545,0.2273,手机端（Android）,好友推荐,7,流行
20230701962,杭州,男,18-22,普通会员,18,10,2940,163.3,0.0,0.2222,0.4444,手机端（Android）,系统推送,9,流行
20230701963,成都,男,18-22,普通会员,12,6,1825,152.1,0.0,0.1667,0.0833,手机端（Android）,系统推送,9,流行
20230701964,深圳,女,23-25,普通会员,15,8,2579,171.9,0.0,0.6,0.1333,手机端（iOS）,好友推荐,21,流行
20230701965,深圳,男,18-22,白银会员,15,8,2718,181.2,0.0,0.2667,0.2667,手机端（Android）,主动搜索,14,流行
20230701966,上海,男,18-22,普通会员,7,4,1229,175.6,0.0,0.5714,0.1429,手机端（iOS）,系统推送,8,说唱
20230701967,深圳,女,18-22,普通会员,22,10,3831,174.1,0.0,0.3182,0.0909,手机端（Android）,系统推送,8,摇滚
20230701968,深圳,女,18-22,普通会员,13,7,2412,185.5,0.0,0.3846,0.1538,手机端（iOS）,好友推荐,20,流行
20230701969,杭州,男,18-22,普通会员,18,11,2865,159.2,0.0,0.2778,0.2222,手机端（iOS）,好友推荐,9,流行
20230701970,重庆,女,30+,普通会员,14,7,2441,174.4,0.0,0.6429,0.1429,手机端（iOS）,系统推送,7,流行
20230701971,重庆,男,30+,普通会员,15,7,2136,142.4,0.0,0.4667,0.3333,手机端（iOS）,系统推送,20,流行
20230701972,北京,女,18-22,普通会员,12,7,1867,155.6,0.0,0.3333,0.0833,手机端（iOS）,主动搜索,20,流行
20230701973,西安,女,18-22,普通会员,12,8,1823,151.9,0.0,0.3333,0.1667,手机端（iOS）,系统推送,8,流行
20230701974,广州,女,18-22,普通会员,12,7,2173,181.1,0.0,0.3333,0.0833,手机端（iOS）,主动搜索,20,电子
20230701975,南京,女,30+,普通会员,15,7,2670,178.0,0.0,0.4,0.1333,手机端（iOS）,系统推送,7,流行
20230701976,杭州,女,26-30,普通会员,11,7,1869,169.9,0.0,0.3636,0.2727,手机端（iOS）,主动搜索,22,流行
20230701977,南京,女,23-25,普通会员,20,9,3235,161.8,0.0,0.25,0.25,手机端（Android）,好友推荐,7,流行
20230701978,武汉,女,23-25,白银会员,17,9,2902,170.7,0.0,0.3529,0.0588,手机端（Android）,系统推送,21,说唱
20230701979,北京,男,23-25,普通会员,20,8,3127,156.4,0.0,0.45,0.25,手机端（iOS）,系统推送,20,流行
20230701980,北京,未知,18-22,普通会员,17,8,3111,183.0,0.0,0.4118,0.0588,手机端（iOS）,主动搜索,9,流行
20230701981,上海,女,18-22,普通会员,18,8,2870,159.4,0.0,0.2222,0.2222,手机端（Android）,系统推送,12,流行
20230701982,杭州,男,18-22,普通会员,20,11,3470,173.5,0.0,0.35,0.1,手机端（iOS）,系统推送,20,流行
20230701983,成都,女,23-25,普通会员,16,8,2827,176.7,0.0,0.5,0.25,手机端（iOS）,系统推送,7,流行
20230701984,北京,男,18-22,普通会员,19,9,2777,146.2,0.0,0.1053,0.2105,手机端（Android）,主动搜索,13,流行
20230701985,南京,女,18-22,普通会员,16,10,3405,212.8,0.0,0.0625,0.0625,手机端（Android）,系统推送,7,流行
20230701986,西安,女,23-25,钻石会员,11,8,1852,168.4,0.0,0.4545,0.2727,手机端（Android）,系统推送,7,流行
20230701987,北京,男,23-25,普通会员,16,7,2576,161.0,0.0,0.375,0.0625,手机端（iOS）,好友推荐,8,流行
20230701988,北京,男,23-25,普通会员,15,8,2100,140.0,0.0,0.4,0.1333,手机端（iOS）,好友推荐,21,流行
20230701989,深圳,女,18-22,普通会员,22,11,3024,137.5,0.0,0.3182,0.1818,手机端（iOS）,好友推荐,8,流行
20230701990,武汉,女,23-25,普通会员,18,10,2784,154.7,0.0,0.4444,0.1667,手机端（iOS）,系统推送,7,流行
20230701991,上海,女,18-22,普通会员,17,8,2999,176.4,0.0,0.1765,0.1765,手机端（iOS）,系统推送,8,流行
20230701992,成都,男,18-22,普通会员,12,8,2340,195.0,0.0,0.5,0.0833,手机端（Android）,系统推送,20,流行
20230701993,重庆,女,23-25,普通会员,11,8,1717,156.1,0.0,0.1818,0.0909,手机端（iOS）,主动搜索,12,流行
20230701994,上海,女,23-25,白银会员,10,6,1877,187.7,0.0,0.2,0.1,手机端（iOS）,好友推荐,7,流行
20230701995,北京,男,23-25,普通会员,11,6,1667,151.5,0.0,0.3636,0.0909,手机端（Android）,系统推送,7,流行
20230701996,北京,女,30+,普通会员,13,8,1966,151.2,0.0,0.5385,0.2308,手机端（iOS）,好友推荐,21,流行
20230701997,深圳,女,18-22,普通会员,19,10,3359,176.8,0.0,0.3158,0.1579,手机端（Android）,主动搜索,20,流行
20230701998,南京,女,23-25,普通会员,15,7,2531,168.7,0.0,0.4667,0.0667,手机端（iOS）,主动搜索,7,摇滚
20230701999,深圳,男,18-22,普通会员,17,10,2949,173.5,0.0,0.4706,0.2353,手机端（Android）,主动搜索,12,流行
202307011000,重庆,女,18-22,普通会员,17,7,2906,170.9,0.0,0.1765,0.1765,手机端（Android）,主动搜索,7,电子
